"atlas","tissue","celltype","method","no_of_markers","loading_time","query_time"
"TM, FACS","Bladder","Bladder.basal cell of urothelium","scfind","1",0.853000000000009,0.021000000000015
"TM, FACS","Bladder","Bladder.basal cell of urothelium","sce","1",1.117,0.108000000000004
"TM, FACS","Bladder","Bladder.basal cell of urothelium","sce-sparseMatrix","1",0.863,0.11099999999999
"TM, FACS","Bladder","Bladder.basal cell of urothelium","seurat","1",1.251,0.0740000000000123
"TM, FACS","Bladder","Bladder.basal cell of urothelium","seurat-sparseMatrix","1",1.70400000000001,0.0449999999999875
"TM, FACS","Bladder","Bladder.basal cell of urothelium","loom-1000","1",0.103999999999985,0.0750000000000171
"TM, FACS","Bladder","Bladder.basal cell of urothelium","loom-5000","1",0.0660000000000025,0.0739999999999839
"TM, FACS","Bladder","Bladder.basal cell of urothelium","scfind","2",0.853000000000009,0.0209999999999866
"TM, FACS","Bladder","Bladder.basal cell of urothelium","sce","2",1.117,0.0600000000000023
"TM, FACS","Bladder","Bladder.basal cell of urothelium","sce-sparseMatrix","2",0.863,0.0840000000000032
"TM, FACS","Bladder","Bladder.basal cell of urothelium","seurat","2",1.251,0.27000000000001
"TM, FACS","Bladder","Bladder.basal cell of urothelium","seurat-sparseMatrix","2",1.70400000000001,0.193000000000012
"TM, FACS","Bladder","Bladder.basal cell of urothelium","loom-1000","2",0.103999999999985,0.0720000000000027
"TM, FACS","Bladder","Bladder.basal cell of urothelium","loom-5000","2",0.0660000000000025,0.0730000000000075
"TM, FACS","Bladder","Bladder.basal cell of urothelium","scfind","3",0.853000000000009,0.021000000000015
"TM, FACS","Bladder","Bladder.basal cell of urothelium","sce","3",1.117,0.0619999999999834
"TM, FACS","Bladder","Bladder.basal cell of urothelium","sce-sparseMatrix","3",0.863,0.100999999999999
"TM, FACS","Bladder","Bladder.basal cell of urothelium","seurat","3",1.251,0.287999999999982
"TM, FACS","Bladder","Bladder.basal cell of urothelium","seurat-sparseMatrix","3",1.70400000000001,0.27000000000001
"TM, FACS","Bladder","Bladder.basal cell of urothelium","loom-1000","3",0.103999999999985,0.0769999999999982
"TM, FACS","Bladder","Bladder.basal cell of urothelium","loom-5000","3",0.0660000000000025,0.560000000000002
"TM, FACS","Bladder","Bladder.basal cell of urothelium","scfind","4",0.853000000000009,0.021000000000015
"TM, FACS","Bladder","Bladder.basal cell of urothelium","sce","4",1.117,0.0579999999999927
"TM, FACS","Bladder","Bladder.basal cell of urothelium","sce-sparseMatrix","4",0.863,0.0859999999999843
"TM, FACS","Bladder","Bladder.basal cell of urothelium","seurat","4",1.251,0.345999999999975
"TM, FACS","Bladder","Bladder.basal cell of urothelium","seurat-sparseMatrix","4",1.70400000000001,0.349000000000018
"TM, FACS","Bladder","Bladder.basal cell of urothelium","loom-1000","4",0.103999999999985,0.135999999999996
"TM, FACS","Bladder","Bladder.basal cell of urothelium","loom-5000","4",0.0660000000000025,0.119
"TM, FACS","Bladder","Bladder.basal cell of urothelium","scfind","5",0.853000000000009,0.0270000000000152
"TM, FACS","Bladder","Bladder.basal cell of urothelium","sce","5",1.117,0.0699999999999932
"TM, FACS","Bladder","Bladder.basal cell of urothelium","sce-sparseMatrix","5",0.863,0.0989999999999895
"TM, FACS","Bladder","Bladder.basal cell of urothelium","seurat","5",1.251,0.465000000000003
"TM, FACS","Bladder","Bladder.basal cell of urothelium","seurat-sparseMatrix","5",1.70400000000001,0.448000000000008
"TM, FACS","Bladder","Bladder.basal cell of urothelium","loom-1000","5",0.103999999999985,0.0769999999999982
"TM, FACS","Bladder","Bladder.basal cell of urothelium","loom-5000","5",0.0660000000000025,0.0769999999999982
"TM, FACS","Bladder","Bladder.basal cell of urothelium","scfind","6",0.853000000000009,0.0200000000000102
"TM, FACS","Bladder","Bladder.basal cell of urothelium","sce","6",1.117,0.0589999999999975
"TM, FACS","Bladder","Bladder.basal cell of urothelium","sce-sparseMatrix","6",0.863,0.0859999999999843
"TM, FACS","Bladder","Bladder.basal cell of urothelium","seurat","6",1.251,0.50800000000001
"TM, FACS","Bladder","Bladder.basal cell of urothelium","seurat-sparseMatrix","6",1.70400000000001,0.507000000000005
"TM, FACS","Bladder","Bladder.basal cell of urothelium","loom-1000","6",0.103999999999985,0.0799999999999841
"TM, FACS","Bladder","Bladder.basal cell of urothelium","loom-5000","6",0.0660000000000025,0.0810000000000173
"TM, FACS","Bladder","Bladder.bladder cell","scfind","1",0.853000000000009,0.0180000000000007
"TM, FACS","Bladder","Bladder.bladder cell","sce","1",1.117,0.0589999999999975
"TM, FACS","Bladder","Bladder.bladder cell","sce-sparseMatrix","1",0.863,0.104000000000013
"TM, FACS","Bladder","Bladder.bladder cell","seurat","1",1.251,0.0459999999999923
"TM, FACS","Bladder","Bladder.bladder cell","seurat-sparseMatrix","1",1.70400000000001,0.0459999999999923
"TM, FACS","Bladder","Bladder.bladder cell","loom-1000","1",0.103999999999985,0.140999999999991
"TM, FACS","Bladder","Bladder.bladder cell","loom-5000","1",0.0660000000000025,0.14700000000002
"TM, FACS","Bladder","Bladder.bladder cell","scfind","2",0.853000000000009,0.0209999999999866
"TM, FACS","Bladder","Bladder.bladder cell","sce","2",1.117,0.0580000000000211
"TM, FACS","Bladder","Bladder.bladder cell","sce-sparseMatrix","2",0.863,0.0859999999999843
"TM, FACS","Bladder","Bladder.bladder cell","seurat","2",1.251,0.263000000000005
"TM, FACS","Bladder","Bladder.bladder cell","seurat-sparseMatrix","2",1.70400000000001,0.212999999999994
"TM, FACS","Bladder","Bladder.bladder cell","loom-1000","2",0.103999999999985,0.0740000000000123
"TM, FACS","Bladder","Bladder.bladder cell","loom-5000","2",0.0660000000000025,0.0729999999999791
"TM, FACS","Bladder","Bladder.bladder cell","scfind","3",0.853000000000009,0.0190000000000055
"TM, FACS","Bladder","Bladder.bladder cell","sce","3",1.117,0.0619999999999834
"TM, FACS","Bladder","Bladder.bladder cell","sce-sparseMatrix","3",0.863,0.108000000000004
"TM, FACS","Bladder","Bladder.bladder cell","seurat","3",1.251,0.269000000000005
"TM, FACS","Bladder","Bladder.bladder cell","seurat-sparseMatrix","3",1.70400000000001,0.269000000000005
"TM, FACS","Bladder","Bladder.bladder cell","loom-1000","3",0.103999999999985,0.45999999999998
"TM, FACS","Bladder","Bladder.bladder cell","loom-5000","3",0.0660000000000025,0.174000000000007
"TM, FACS","Bladder","Bladder.bladder cell","scfind","4",0.853000000000009,0.0190000000000055
"TM, FACS","Bladder","Bladder.bladder cell","sce","4",1.117,0.0579999999999927
"TM, FACS","Bladder","Bladder.bladder cell","sce-sparseMatrix","4",0.863,0.085000000000008
"TM, FACS","Bladder","Bladder.bladder cell","seurat","4",1.251,0.34899999999999
"TM, FACS","Bladder","Bladder.bladder cell","seurat-sparseMatrix","4",1.70400000000001,0.348000000000013
"TM, FACS","Bladder","Bladder.bladder cell","loom-1000","4",0.103999999999985,0.0879999999999654
"TM, FACS","Bladder","Bladder.bladder cell","loom-5000","4",0.0660000000000025,0.0719999999999459
"TM, FACS","Bladder","Bladder.bladder cell","scfind","5",0.853000000000009,0.0199999999999818
"TM, FACS","Bladder","Bladder.bladder cell","sce","5",1.117,0.0579999999999927
"TM, FACS","Bladder","Bladder.bladder cell","sce-sparseMatrix","5",0.863,0.0850000000000364
"TM, FACS","Bladder","Bladder.bladder cell","seurat","5",1.251,0.435999999999979
"TM, FACS","Bladder","Bladder.bladder cell","seurat-sparseMatrix","5",1.70400000000001,0.446000000000026
"TM, FACS","Bladder","Bladder.bladder cell","loom-1000","5",0.103999999999985,0.113
"TM, FACS","Bladder","Bladder.bladder cell","loom-5000","5",0.0660000000000025,0.0749999999999886
"TM, FACS","Bladder","Bladder.bladder cell","scfind","6",0.853000000000009,0.0169999999999959
"TM, FACS","Bladder","Bladder.bladder cell","sce","6",1.117,0.0580000000000496
"TM, FACS","Bladder","Bladder.bladder cell","sce-sparseMatrix","6",0.863,0.0849999999999795
"TM, FACS","Bladder","Bladder.bladder cell","seurat","6",1.251,0.514999999999986
"TM, FACS","Bladder","Bladder.bladder cell","seurat-sparseMatrix","6",1.70400000000001,0.511000000000024
"TM, FACS","Bladder","Bladder.bladder cell","loom-1000","6",0.103999999999985,0.153999999999996
"TM, FACS","Bladder","Bladder.bladder cell","loom-5000","6",0.0660000000000025,0.0950000000000273
"TM, FACS","Bladder","Bladder.mesenchymal cell","scfind","1",0.853000000000009,0.0219999999999914
"TM, FACS","Bladder","Bladder.mesenchymal cell","sce","1",1.117,0.0720000000000027
"TM, FACS","Bladder","Bladder.mesenchymal cell","sce-sparseMatrix","1",0.863,0.12299999999999
"TM, FACS","Bladder","Bladder.mesenchymal cell","seurat","1",1.251,0.0459999999999923
"TM, FACS","Bladder","Bladder.mesenchymal cell","seurat-sparseMatrix","1",1.70400000000001,0.0460000000000491
"TM, FACS","Bladder","Bladder.mesenchymal cell","loom-1000","1",0.103999999999985,0.0729999999999791
"TM, FACS","Bladder","Bladder.mesenchymal cell","loom-5000","1",0.0660000000000025,0.0729999999999791
"TM, FACS","Bladder","Bladder.mesenchymal cell","scfind","2",0.853000000000009,0.0269999999999868
"TM, FACS","Bladder","Bladder.mesenchymal cell","sce","2",1.117,0.0690000000000168
"TM, FACS","Bladder","Bladder.mesenchymal cell","sce-sparseMatrix","2",0.863,0.115000000000009
"TM, FACS","Bladder","Bladder.mesenchymal cell","seurat","2",1.251,0.194999999999993
"TM, FACS","Bladder","Bladder.mesenchymal cell","seurat-sparseMatrix","2",1.70400000000001,0.199000000000012
"TM, FACS","Bladder","Bladder.mesenchymal cell","loom-1000","2",0.103999999999985,0.0749999999999886
"TM, FACS","Bladder","Bladder.mesenchymal cell","loom-5000","2",0.0660000000000025,0.0749999999999886
"TM, FACS","Bladder","Bladder.mesenchymal cell","scfind","3",0.853000000000009,0.0219999999999914
"TM, FACS","Bladder","Bladder.mesenchymal cell","sce","3",1.117,0.061999999999955
"TM, FACS","Bladder","Bladder.mesenchymal cell","sce-sparseMatrix","3",0.863,0.103000000000009
"TM, FACS","Bladder","Bladder.mesenchymal cell","seurat","3",1.251,0.271000000000015
"TM, FACS","Bladder","Bladder.mesenchymal cell","seurat-sparseMatrix","3",1.70400000000001,0.274000000000001
"TM, FACS","Bladder","Bladder.mesenchymal cell","loom-1000","3",0.103999999999985,0.0780000000000314
"TM, FACS","Bladder","Bladder.mesenchymal cell","loom-5000","3",0.0660000000000025,0.558999999999969
"TM, FACS","Bladder","Bladder.mesenchymal cell","scfind","4",0.853000000000009,0.0260000000000105
"TM, FACS","Bladder","Bladder.mesenchymal cell","sce","4",1.117,0.0699999999999932
"TM, FACS","Bladder","Bladder.mesenchymal cell","sce-sparseMatrix","4",0.863,0.0919999999999845
"TM, FACS","Bladder","Bladder.mesenchymal cell","seurat","4",1.251,0.355999999999995
"TM, FACS","Bladder","Bladder.mesenchymal cell","seurat-sparseMatrix","4",1.70400000000001,0.365999999999985
"TM, FACS","Bladder","Bladder.mesenchymal cell","loom-1000","4",0.103999999999985,0.574999999999989
"TM, FACS","Bladder","Bladder.mesenchymal cell","loom-5000","4",0.0660000000000025,0.0769999999999982
"TM, FACS","Bladder","Bladder.mesenchymal cell","scfind","5",0.853000000000009,0.0219999999999914
"TM, FACS","Bladder","Bladder.mesenchymal cell","sce","5",1.117,0.0589999999999691
"TM, FACS","Bladder","Bladder.mesenchymal cell","sce-sparseMatrix","5",0.863,0.0859999999999559
"TM, FACS","Bladder","Bladder.mesenchymal cell","seurat","5",1.251,0.456000000000017
"TM, FACS","Bladder","Bladder.mesenchymal cell","seurat-sparseMatrix","5",1.70400000000001,0.947000000000003
"TM, FACS","Bladder","Bladder.mesenchymal cell","loom-1000","5",0.103999999999985,0.0799999999999841
"TM, FACS","Bladder","Bladder.mesenchymal cell","loom-5000","5",0.0660000000000025,0.0799999999999841
"TM, FACS","Bladder","Bladder.mesenchymal cell","scfind","6",0.853000000000009,0.021000000000015
"TM, FACS","Bladder","Bladder.mesenchymal cell","sce","6",1.117,0.0579999999999927
"TM, FACS","Bladder","Bladder.mesenchymal cell","sce-sparseMatrix","6",0.863,0.0849999999999795
"TM, FACS","Bladder","Bladder.mesenchymal cell","seurat","6",1.251,0.54000000000002
"TM, FACS","Bladder","Bladder.mesenchymal cell","seurat-sparseMatrix","6",1.70400000000001,0.52600000000001
"TM, FACS","Bladder","Bladder.mesenchymal cell","loom-1000","6",0.103999999999985,0.0789999999999509
"TM, FACS","Bladder","Bladder.mesenchymal cell","loom-5000","6",0.0660000000000025,0.0779999999999745
"TM, FACS","BrainMicroglia","BrainMicroglia.macrophage","scfind","1",0.841999999999985,0.0200000000000387
"TM, FACS","BrainMicroglia","BrainMicroglia.macrophage","sce","1",1.77600000000001,0.230000000000018
"TM, FACS","BrainMicroglia","BrainMicroglia.macrophage","sce-sparseMatrix","1",1.29399999999998,0.293999999999983
"TM, FACS","BrainMicroglia","BrainMicroglia.macrophage","seurat","1",1.37200000000001,0.0579999999999927
"TM, FACS","BrainMicroglia","BrainMicroglia.macrophage","seurat-sparseMatrix","1",1.83100000000002,0.0579999999999927
"TM, FACS","BrainMicroglia","BrainMicroglia.macrophage","loom-1000","1",0.163999999999987,0.675000000000011
"TM, FACS","BrainMicroglia","BrainMicroglia.macrophage","loom-5000","1",0.189000000000021,0.598000000000013
"TM, FACS","BrainMicroglia","BrainMicroglia.macrophage","scfind","2",0.841999999999985,0.0229999999999677
"TM, FACS","BrainMicroglia","BrainMicroglia.macrophage","sce","2",1.77600000000001,0.293999999999983
"TM, FACS","BrainMicroglia","BrainMicroglia.macrophage","sce-sparseMatrix","2",1.29399999999998,0.295999999999992
"TM, FACS","BrainMicroglia","BrainMicroglia.macrophage","seurat","2",1.37200000000001,0.245000000000005
"TM, FACS","BrainMicroglia","BrainMicroglia.macrophage","seurat-sparseMatrix","2",1.83100000000002,0.240999999999985
"TM, FACS","BrainMicroglia","BrainMicroglia.macrophage","loom-1000","2",0.163999999999987,0.386000000000024
"TM, FACS","BrainMicroglia","BrainMicroglia.macrophage","loom-5000","2",0.189000000000021,0.355000000000018
"TM, FACS","BrainMicroglia","BrainMicroglia.macrophage","scfind","3",0.841999999999985,0.0229999999999677
"TM, FACS","BrainMicroglia","BrainMicroglia.macrophage","sce","3",1.77600000000001,0.309000000000026
"TM, FACS","BrainMicroglia","BrainMicroglia.macrophage","sce-sparseMatrix","3",1.29399999999998,0.26600000000002
"TM, FACS","BrainMicroglia","BrainMicroglia.macrophage","seurat","3",1.37200000000001,0.338000000000022
"TM, FACS","BrainMicroglia","BrainMicroglia.macrophage","seurat-sparseMatrix","3",1.83100000000002,0.336999999999989
"TM, FACS","BrainMicroglia","BrainMicroglia.macrophage","loom-1000","3",0.163999999999987,0.434999999999945
"TM, FACS","BrainMicroglia","BrainMicroglia.macrophage","loom-5000","3",0.189000000000021,0.24899999999991
"TM, FACS","BrainMicroglia","BrainMicroglia.macrophage","scfind","4",0.841999999999985,0.0210000000000719
"TM, FACS","BrainMicroglia","BrainMicroglia.macrophage","sce","4",1.77600000000001,0.331999999999994
"TM, FACS","BrainMicroglia","BrainMicroglia.macrophage","sce-sparseMatrix","4",1.29399999999998,0.285999999999945
"TM, FACS","BrainMicroglia","BrainMicroglia.macrophage","seurat","4",1.37200000000001,0.476999999999975
"TM, FACS","BrainMicroglia","BrainMicroglia.macrophage","seurat-sparseMatrix","4",1.83100000000002,0.444000000000074
"TM, FACS","BrainMicroglia","BrainMicroglia.macrophage","loom-1000","4",0.163999999999987,0.310999999999922
"TM, FACS","BrainMicroglia","BrainMicroglia.macrophage","loom-5000","4",0.189000000000021,0.275000000000091
"TM, FACS","BrainMicroglia","BrainMicroglia.macrophage","scfind","5",0.841999999999985,0.0230000000000246
"TM, FACS","BrainMicroglia","BrainMicroglia.macrophage","sce","5",1.77600000000001,0.231999999999971
"TM, FACS","BrainMicroglia","BrainMicroglia.macrophage","sce-sparseMatrix","5",1.29399999999998,0.283999999999992
"TM, FACS","BrainMicroglia","BrainMicroglia.macrophage","seurat","5",1.37200000000001,0.587999999999965
"TM, FACS","BrainMicroglia","BrainMicroglia.macrophage","seurat-sparseMatrix","5",1.83100000000002,1.09199999999998
"TM, FACS","BrainMicroglia","BrainMicroglia.macrophage","loom-1000","5",0.163999999999987,0.357999999999947
"TM, FACS","BrainMicroglia","BrainMicroglia.macrophage","loom-5000","5",0.189000000000021,0.375999999999976
"TM, FACS","BrainMicroglia","BrainMicroglia.macrophage","scfind","6",0.841999999999985,0.0230000000000246
"TM, FACS","BrainMicroglia","BrainMicroglia.macrophage","sce","6",1.77600000000001,0.230000000000018
"TM, FACS","BrainMicroglia","BrainMicroglia.macrophage","sce-sparseMatrix","6",1.29399999999998,0.336000000000013
"TM, FACS","BrainMicroglia","BrainMicroglia.macrophage","seurat","6",1.37200000000001,0.629000000000019
"TM, FACS","BrainMicroglia","BrainMicroglia.macrophage","seurat-sparseMatrix","6",1.83100000000002,0.675000000000068
"TM, FACS","BrainMicroglia","BrainMicroglia.macrophage","loom-1000","6",0.163999999999987,0.260999999999967
"TM, FACS","BrainMicroglia","BrainMicroglia.macrophage","loom-5000","6",0.189000000000021,0.282000000000039
"TM, FACS","BrainMicroglia","BrainMicroglia.microglial cell","scfind","1",0.841999999999985,0.0190000000000055
"TM, FACS","BrainMicroglia","BrainMicroglia.microglial cell","sce","1",1.77600000000001,0.227999999999952
"TM, FACS","BrainMicroglia","BrainMicroglia.microglial cell","sce-sparseMatrix","1",1.29399999999998,0.315999999999917
"TM, FACS","BrainMicroglia","BrainMicroglia.microglial cell","seurat","1",1.37200000000001,0.0589999999999691
"TM, FACS","BrainMicroglia","BrainMicroglia.microglial cell","seurat-sparseMatrix","1",1.83100000000002,0.0579999999999927
"TM, FACS","BrainMicroglia","BrainMicroglia.microglial cell","loom-1000","1",0.163999999999987,0.341000000000008
"TM, FACS","BrainMicroglia","BrainMicroglia.microglial cell","loom-5000","1",0.189000000000021,0.351999999999975
"TM, FACS","BrainMicroglia","BrainMicroglia.microglial cell","scfind","2",0.841999999999985,0.0230000000000246
"TM, FACS","BrainMicroglia","BrainMicroglia.microglial cell","sce","2",1.77600000000001,0.227999999999952
"TM, FACS","BrainMicroglia","BrainMicroglia.microglial cell","sce-sparseMatrix","2",1.29399999999998,0.329000000000065
"TM, FACS","BrainMicroglia","BrainMicroglia.microglial cell","seurat","2",1.37200000000001,0.248000000000047
"TM, FACS","BrainMicroglia","BrainMicroglia.microglial cell","seurat-sparseMatrix","2",1.83100000000002,0.242999999999938
"TM, FACS","BrainMicroglia","BrainMicroglia.microglial cell","loom-1000","2",0.163999999999987,0.256000000000085
"TM, FACS","BrainMicroglia","BrainMicroglia.microglial cell","loom-5000","2",0.189000000000021,0.237999999999943
"TM, FACS","BrainMicroglia","BrainMicroglia.microglial cell","scfind","3",0.841999999999985,0.0209999999999582
"TM, FACS","BrainMicroglia","BrainMicroglia.microglial cell","sce","3",1.77600000000001,0.252999999999929
"TM, FACS","BrainMicroglia","BrainMicroglia.microglial cell","sce-sparseMatrix","3",1.29399999999998,0.26400000000001
"TM, FACS","BrainMicroglia","BrainMicroglia.microglial cell","seurat","3",1.37200000000001,0.341999999999985
"TM, FACS","BrainMicroglia","BrainMicroglia.microglial cell","seurat-sparseMatrix","3",1.83100000000002,0.341000000000008
"TM, FACS","BrainMicroglia","BrainMicroglia.microglial cell","loom-1000","3",0.163999999999987,0.271000000000072
"TM, FACS","BrainMicroglia","BrainMicroglia.microglial cell","loom-5000","3",0.189000000000021,0.236999999999966
"TM, FACS","BrainMicroglia","BrainMicroglia.microglial cell","scfind","4",0.841999999999985,0.0230000000000246
"TM, FACS","BrainMicroglia","BrainMicroglia.microglial cell","sce","4",1.77600000000001,0.283999999999992
"TM, FACS","BrainMicroglia","BrainMicroglia.microglial cell","sce-sparseMatrix","4",1.29399999999998,0.280999999999949
"TM, FACS","BrainMicroglia","BrainMicroglia.microglial cell","seurat","4",1.37200000000001,0.453999999999951
"TM, FACS","BrainMicroglia","BrainMicroglia.microglial cell","seurat-sparseMatrix","4",1.83100000000002,0.436000000000035
"TM, FACS","BrainMicroglia","BrainMicroglia.microglial cell","loom-1000","4",0.163999999999987,0.364000000000033
"TM, FACS","BrainMicroglia","BrainMicroglia.microglial cell","loom-5000","4",0.189000000000021,0.272000000000048
"TM, FACS","BrainMicroglia","BrainMicroglia.microglial cell","scfind","5",0.841999999999985,0.0220000000000482
"TM, FACS","BrainMicroglia","BrainMicroglia.microglial cell","sce","5",1.77600000000001,0.230000000000018
"TM, FACS","BrainMicroglia","BrainMicroglia.microglial cell","sce-sparseMatrix","5",1.29399999999998,0.280999999999949
"TM, FACS","BrainMicroglia","BrainMicroglia.microglial cell","seurat","5",1.37200000000001,1.04700000000003
"TM, FACS","BrainMicroglia","BrainMicroglia.microglial cell","seurat-sparseMatrix","5",1.83100000000002,0.561000000000035
"TM, FACS","BrainMicroglia","BrainMicroglia.microglial cell","loom-1000","5",0.163999999999987,0.283999999999992
"TM, FACS","BrainMicroglia","BrainMicroglia.microglial cell","loom-5000","5",0.189000000000021,0.262000000000057
"TM, FACS","BrainMicroglia","BrainMicroglia.microglial cell","scfind","6",0.841999999999985,0.0240000000000009
"TM, FACS","BrainMicroglia","BrainMicroglia.microglial cell","sce","6",1.77600000000001,0.225999999999999
"TM, FACS","BrainMicroglia","BrainMicroglia.microglial cell","sce-sparseMatrix","6",1.29399999999998,0.305999999999926
"TM, FACS","BrainMicroglia","BrainMicroglia.microglial cell","seurat","6",1.37200000000001,0.635999999999967
"TM, FACS","BrainMicroglia","BrainMicroglia.microglial cell","seurat-sparseMatrix","6",1.83100000000002,0.649000000000001
"TM, FACS","BrainMicroglia","BrainMicroglia.microglial cell","loom-1000","6",0.163999999999987,0.256999999999948
"TM, FACS","BrainMicroglia","BrainMicroglia.microglial cell","loom-5000","6",0.189000000000021,0.277000000000044
"TM, FACS","BrainNeurons","BrainNeurons.astrocyte of the cerebral cortex","scfind","1",1.01299999999992,0.0190000000000055
"TM, FACS","BrainNeurons","BrainNeurons.astrocyte of the cerebral cortex","sce","1",2.15200000000004,0.308999999999969
"TM, FACS","BrainNeurons","BrainNeurons.astrocyte of the cerebral cortex","sce-sparseMatrix","1",0.871999999999957,0.383000000000038
"TM, FACS","BrainNeurons","BrainNeurons.astrocyte of the cerebral cortex","seurat","1",1.51999999999998,0.0660000000000309
"TM, FACS","BrainNeurons","BrainNeurons.astrocyte of the cerebral cortex","seurat-sparseMatrix","1",2.13599999999997,0.0670000000000073
"TM, FACS","BrainNeurons","BrainNeurons.astrocyte of the cerebral cortex","loom-1000","1",0.221000000000004,0.596000000000004
"TM, FACS","BrainNeurons","BrainNeurons.astrocyte of the cerebral cortex","loom-5000","1",0.173000000000002,0.520000000000095
"TM, FACS","BrainNeurons","BrainNeurons.astrocyte of the cerebral cortex","scfind","2",1.01299999999992,0.0220000000000482
"TM, FACS","BrainNeurons","BrainNeurons.astrocyte of the cerebral cortex","sce","2",2.15200000000004,0.322999999999979
"TM, FACS","BrainNeurons","BrainNeurons.astrocyte of the cerebral cortex","sce-sparseMatrix","2",0.871999999999957,0.368000000000052
"TM, FACS","BrainNeurons","BrainNeurons.astrocyte of the cerebral cortex","seurat","2",1.51999999999998,0.259000000000015
"TM, FACS","BrainNeurons","BrainNeurons.astrocyte of the cerebral cortex","seurat-sparseMatrix","2",2.13599999999997,0.259999999999991
"TM, FACS","BrainNeurons","BrainNeurons.astrocyte of the cerebral cortex","loom-1000","2",0.221000000000004,0.522000000000048
"TM, FACS","BrainNeurons","BrainNeurons.astrocyte of the cerebral cortex","loom-5000","2",0.173000000000002,0.451000000000022
"TM, FACS","BrainNeurons","BrainNeurons.astrocyte of the cerebral cortex","scfind","3",1.01299999999992,0.0229999999999109
"TM, FACS","BrainNeurons","BrainNeurons.astrocyte of the cerebral cortex","sce","3",2.15200000000004,0.465999999999894
"TM, FACS","BrainNeurons","BrainNeurons.astrocyte of the cerebral cortex","sce-sparseMatrix","3",0.871999999999957,0.395000000000095
"TM, FACS","BrainNeurons","BrainNeurons.astrocyte of the cerebral cortex","seurat","3",1.51999999999998,0.359000000000037
"TM, FACS","BrainNeurons","BrainNeurons.astrocyte of the cerebral cortex","seurat-sparseMatrix","3",2.13599999999997,0.354000000000042
"TM, FACS","BrainNeurons","BrainNeurons.astrocyte of the cerebral cortex","loom-1000","3",0.221000000000004,0.403999999999996
"TM, FACS","BrainNeurons","BrainNeurons.astrocyte of the cerebral cortex","loom-5000","3",0.173000000000002,0.323000000000093
"TM, FACS","BrainNeurons","BrainNeurons.astrocyte of the cerebral cortex","scfind","4",1.01299999999992,0.0210000000001855
"TM, FACS","BrainNeurons","BrainNeurons.astrocyte of the cerebral cortex","sce","4",2.15200000000004,0.442000000000007
"TM, FACS","BrainNeurons","BrainNeurons.astrocyte of the cerebral cortex","sce-sparseMatrix","4",0.871999999999957,0.349999999999909
"TM, FACS","BrainNeurons","BrainNeurons.astrocyte of the cerebral cortex","seurat","4",1.51999999999998,0.455999999999904
"TM, FACS","BrainNeurons","BrainNeurons.astrocyte of the cerebral cortex","seurat-sparseMatrix","4",2.13599999999997,0.997000000000071
"TM, FACS","BrainNeurons","BrainNeurons.astrocyte of the cerebral cortex","loom-1000","4",0.221000000000004,0.336999999999989
"TM, FACS","BrainNeurons","BrainNeurons.astrocyte of the cerebral cortex","loom-5000","4",0.173000000000002,0.372000000000071
"TM, FACS","BrainNeurons","BrainNeurons.astrocyte of the cerebral cortex","scfind","5",1.01299999999992,0.0219999999999345
"TM, FACS","BrainNeurons","BrainNeurons.astrocyte of the cerebral cortex","sce","5",2.15200000000004,0.307999999999993
"TM, FACS","BrainNeurons","BrainNeurons.astrocyte of the cerebral cortex","sce-sparseMatrix","5",0.871999999999957,0.45900000000006
"TM, FACS","BrainNeurons","BrainNeurons.astrocyte of the cerebral cortex","seurat","5",1.51999999999998,0.587999999999965
"TM, FACS","BrainNeurons","BrainNeurons.astrocyte of the cerebral cortex","seurat-sparseMatrix","5",2.13599999999997,1.10300000000007
"TM, FACS","BrainNeurons","BrainNeurons.astrocyte of the cerebral cortex","loom-1000","5",0.221000000000004,0.356999999999971
"TM, FACS","BrainNeurons","BrainNeurons.astrocyte of the cerebral cortex","loom-5000","5",0.173000000000002,0.352000000000089
"TM, FACS","BrainNeurons","BrainNeurons.astrocyte of the cerebral cortex","scfind","6",1.01299999999992,0.0230000000001382
"TM, FACS","BrainNeurons","BrainNeurons.astrocyte of the cerebral cortex","sce","6",2.15200000000004,0.365000000000009
"TM, FACS","BrainNeurons","BrainNeurons.astrocyte of the cerebral cortex","sce-sparseMatrix","6",0.871999999999957,0.371999999999844
"TM, FACS","BrainNeurons","BrainNeurons.astrocyte of the cerebral cortex","seurat","6",1.51999999999998,0.694999999999936
"TM, FACS","BrainNeurons","BrainNeurons.astrocyte of the cerebral cortex","seurat-sparseMatrix","6",2.13599999999997,1.19899999999984
"TM, FACS","BrainNeurons","BrainNeurons.astrocyte of the cerebral cortex","loom-1000","6",0.221000000000004,0.396000000000186
"TM, FACS","BrainNeurons","BrainNeurons.astrocyte of the cerebral cortex","loom-5000","6",0.173000000000002,0.343999999999824
"TM, FACS","BrainNeurons","BrainNeurons.Bergmann glial cell","scfind","1",1.01299999999992,0.0199999999999818
"TM, FACS","BrainNeurons","BrainNeurons.Bergmann glial cell","sce","1",2.15200000000004,0.423999999999978
"TM, FACS","BrainNeurons","BrainNeurons.Bergmann glial cell","sce-sparseMatrix","1",0.871999999999957,0.372000000000071
"TM, FACS","BrainNeurons","BrainNeurons.Bergmann glial cell","seurat","1",1.51999999999998,0.0650000000000546
"TM, FACS","BrainNeurons","BrainNeurons.Bergmann glial cell","seurat-sparseMatrix","1",2.13599999999997,0.0659999999998035
"TM, FACS","BrainNeurons","BrainNeurons.Bergmann glial cell","loom-1000","1",0.221000000000004,0.337999999999965
"TM, FACS","BrainNeurons","BrainNeurons.Bergmann glial cell","loom-5000","1",0.173000000000002,0.365999999999985
"TM, FACS","BrainNeurons","BrainNeurons.Bergmann glial cell","scfind","2",1.01299999999992,0.0209999999999582
"TM, FACS","BrainNeurons","BrainNeurons.Bergmann glial cell","sce","2",2.15200000000004,0.311000000000149
"TM, FACS","BrainNeurons","BrainNeurons.Bergmann glial cell","sce-sparseMatrix","2",0.871999999999957,0.393000000000029
"TM, FACS","BrainNeurons","BrainNeurons.Bergmann glial cell","seurat","2",1.51999999999998,0.260999999999967
"TM, FACS","BrainNeurons","BrainNeurons.Bergmann glial cell","seurat-sparseMatrix","2",2.13599999999997,0.259000000000015
"TM, FACS","BrainNeurons","BrainNeurons.Bergmann glial cell","loom-1000","2",0.221000000000004,0.373000000000047
"TM, FACS","BrainNeurons","BrainNeurons.Bergmann glial cell","loom-5000","2",0.173000000000002,0.413999999999987
"TM, FACS","BrainNeurons","BrainNeurons.Bergmann glial cell","scfind","3",1.01299999999992,0.0260000000000673
"TM, FACS","BrainNeurons","BrainNeurons.Bergmann glial cell","sce","3",2.15200000000004,0.380999999999858
"TM, FACS","BrainNeurons","BrainNeurons.Bergmann glial cell","sce-sparseMatrix","3",0.871999999999957,0.376000000000204
"TM, FACS","BrainNeurons","BrainNeurons.Bergmann glial cell","seurat","3",1.51999999999998,0.36200000000008
"TM, FACS","BrainNeurons","BrainNeurons.Bergmann glial cell","seurat-sparseMatrix","3",2.13599999999997,0.372000000000071
"TM, FACS","BrainNeurons","BrainNeurons.Bergmann glial cell","loom-1000","3",0.221000000000004,0.354000000000042
"TM, FACS","BrainNeurons","BrainNeurons.Bergmann glial cell","loom-5000","3",0.173000000000002,0.346000000000004
"TM, FACS","BrainNeurons","BrainNeurons.Bergmann glial cell","scfind","4",1.01299999999992,0.0209999999999582
"TM, FACS","BrainNeurons","BrainNeurons.Bergmann glial cell","sce","4",2.15200000000004,0.309999999999945
"TM, FACS","BrainNeurons","BrainNeurons.Bergmann glial cell","sce-sparseMatrix","4",0.871999999999957,0.368999999999915
"TM, FACS","BrainNeurons","BrainNeurons.Bergmann glial cell","seurat","4",1.51999999999998,0.464999999999918
"TM, FACS","BrainNeurons","BrainNeurons.Bergmann glial cell","seurat-sparseMatrix","4",2.13599999999997,0.463999999999942
"TM, FACS","BrainNeurons","BrainNeurons.Bergmann glial cell","loom-1000","4",0.221000000000004,0.34900000000016
"TM, FACS","BrainNeurons","BrainNeurons.Bergmann glial cell","loom-5000","4",0.173000000000002,0.365999999999985
"TM, FACS","BrainNeurons","BrainNeurons.Bergmann glial cell","scfind","5",1.01299999999992,0.0229999999999109
"TM, FACS","BrainNeurons","BrainNeurons.Bergmann glial cell","sce","5",2.15200000000004,0.324000000000069
"TM, FACS","BrainNeurons","BrainNeurons.Bergmann glial cell","sce-sparseMatrix","5",0.871999999999957,0.355000000000018
"TM, FACS","BrainNeurons","BrainNeurons.Bergmann glial cell","seurat","5",1.51999999999998,0.589999999999918
"TM, FACS","BrainNeurons","BrainNeurons.Bergmann glial cell","seurat-sparseMatrix","5",2.13599999999997,1.09799999999996
"TM, FACS","BrainNeurons","BrainNeurons.Bergmann glial cell","loom-1000","5",0.221000000000004,0.337999999999965
"TM, FACS","BrainNeurons","BrainNeurons.Bergmann glial cell","loom-5000","5",0.173000000000002,0.354000000000042
"TM, FACS","BrainNeurons","BrainNeurons.Bergmann glial cell","scfind","6",1.01299999999992,0.0219999999999345
"TM, FACS","BrainNeurons","BrainNeurons.Bergmann glial cell","sce","6",2.15200000000004,0.309000000000196
"TM, FACS","BrainNeurons","BrainNeurons.Bergmann glial cell","sce-sparseMatrix","6",0.871999999999957,0.393000000000029
"TM, FACS","BrainNeurons","BrainNeurons.Bergmann glial cell","seurat","6",1.51999999999998,0.674999999999955
"TM, FACS","BrainNeurons","BrainNeurons.Bergmann glial cell","seurat-sparseMatrix","6",2.13599999999997,0.713999999999942
"TM, FACS","BrainNeurons","BrainNeurons.Bergmann glial cell","loom-1000","6",0.221000000000004,0.345000000000027
"TM, FACS","BrainNeurons","BrainNeurons.Bergmann glial cell","loom-5000","6",0.173000000000002,0.365000000000009
"TM, FACS","BrainNeurons","BrainNeurons.brain pericyte","scfind","1",1.01299999999992,0.0190000000000055
"TM, FACS","BrainNeurons","BrainNeurons.brain pericyte","sce","1",2.15200000000004,0.332000000000107
"TM, FACS","BrainNeurons","BrainNeurons.brain pericyte","sce-sparseMatrix","1",0.871999999999957,0.354000000000042
"TM, FACS","BrainNeurons","BrainNeurons.brain pericyte","seurat","1",1.51999999999998,0.0679999999999836
"TM, FACS","BrainNeurons","BrainNeurons.brain pericyte","seurat-sparseMatrix","1",2.13599999999997,0.0669999999997799
"TM, FACS","BrainNeurons","BrainNeurons.brain pericyte","loom-1000","1",0.221000000000004,0.318000000000211
"TM, FACS","BrainNeurons","BrainNeurons.brain pericyte","loom-5000","1",0.173000000000002,0.351999999999862
"TM, FACS","BrainNeurons","BrainNeurons.brain pericyte","scfind","2",1.01299999999992,0.0219999999999345
"TM, FACS","BrainNeurons","BrainNeurons.brain pericyte","sce","2",2.15200000000004,0.342000000000098
"TM, FACS","BrainNeurons","BrainNeurons.brain pericyte","sce-sparseMatrix","2",0.871999999999957,0.401999999999816
"TM, FACS","BrainNeurons","BrainNeurons.brain pericyte","seurat","2",1.51999999999998,0.26299999999992
"TM, FACS","BrainNeurons","BrainNeurons.brain pericyte","seurat-sparseMatrix","2",2.13599999999997,0.264000000000124
"TM, FACS","BrainNeurons","BrainNeurons.brain pericyte","loom-1000","2",0.221000000000004,0.437999999999874
"TM, FACS","BrainNeurons","BrainNeurons.brain pericyte","loom-5000","2",0.173000000000002,0.323000000000093
"TM, FACS","BrainNeurons","BrainNeurons.brain pericyte","scfind","3",1.01299999999992,0.0209999999999582
"TM, FACS","BrainNeurons","BrainNeurons.brain pericyte","sce","3",2.15200000000004,0.353999999999814
"TM, FACS","BrainNeurons","BrainNeurons.brain pericyte","sce-sparseMatrix","3",0.871999999999957,0.378000000000156
"TM, FACS","BrainNeurons","BrainNeurons.brain pericyte","seurat","3",1.51999999999998,0.360000000000127
"TM, FACS","BrainNeurons","BrainNeurons.brain pericyte","seurat-sparseMatrix","3",2.13599999999997,0.355999999999995
"TM, FACS","BrainNeurons","BrainNeurons.brain pericyte","loom-1000","3",0.221000000000004,0.350999999999885
"TM, FACS","BrainNeurons","BrainNeurons.brain pericyte","loom-5000","3",0.173000000000002,0.363000000000056
"TM, FACS","BrainNeurons","BrainNeurons.brain pericyte","scfind","4",1.01299999999992,0.0199999999999818
"TM, FACS","BrainNeurons","BrainNeurons.brain pericyte","sce","4",2.15200000000004,0.307999999999993
"TM, FACS","BrainNeurons","BrainNeurons.brain pericyte","sce-sparseMatrix","4",0.871999999999957,0.365999999999985
"TM, FACS","BrainNeurons","BrainNeurons.brain pericyte","seurat","4",1.51999999999998,0.465000000000146
"TM, FACS","BrainNeurons","BrainNeurons.brain pericyte","seurat-sparseMatrix","4",2.13599999999997,0.462999999999965
"TM, FACS","BrainNeurons","BrainNeurons.brain pericyte","loom-1000","4",0.221000000000004,0.351000000000113
"TM, FACS","BrainNeurons","BrainNeurons.brain pericyte","loom-5000","4",0.173000000000002,0.349999999999909
"TM, FACS","BrainNeurons","BrainNeurons.brain pericyte","scfind","5",1.01299999999992,0.0219999999999345
"TM, FACS","BrainNeurons","BrainNeurons.brain pericyte","sce","5",2.15200000000004,0.323000000000093
"TM, FACS","BrainNeurons","BrainNeurons.brain pericyte","sce-sparseMatrix","5",0.871999999999957,0.366999999999962
"TM, FACS","BrainNeurons","BrainNeurons.brain pericyte","seurat","5",1.51999999999998,0.585000000000036
"TM, FACS","BrainNeurons","BrainNeurons.brain pericyte","seurat-sparseMatrix","5",2.13599999999997,1.10400000000004
"TM, FACS","BrainNeurons","BrainNeurons.brain pericyte","loom-1000","5",0.221000000000004,0.342999999999847
"TM, FACS","BrainNeurons","BrainNeurons.brain pericyte","loom-5000","5",0.173000000000002,0.355999999999995
"TM, FACS","BrainNeurons","BrainNeurons.brain pericyte","scfind","6",1.01299999999992,0.0229999999999109
"TM, FACS","BrainNeurons","BrainNeurons.brain pericyte","sce","6",2.15200000000004,0.308999999999969
"TM, FACS","BrainNeurons","BrainNeurons.brain pericyte","sce-sparseMatrix","6",0.871999999999957,0.371000000000095
"TM, FACS","BrainNeurons","BrainNeurons.brain pericyte","seurat","6",1.51999999999998,0.720000000000027
"TM, FACS","BrainNeurons","BrainNeurons.brain pericyte","seurat-sparseMatrix","6",2.13599999999997,0.668999999999869
"TM, FACS","BrainNeurons","BrainNeurons.brain pericyte","loom-1000","6",0.221000000000004,0.383000000000038
"TM, FACS","BrainNeurons","BrainNeurons.brain pericyte","loom-5000","6",0.173000000000002,0.396000000000186
"TM, FACS","BrainNeurons","BrainNeurons.endothelial cell","scfind","1",1.01299999999992,0.0180000000000291
"TM, FACS","BrainNeurons","BrainNeurons.endothelial cell","sce","1",2.15200000000004,0.317000000000007
"TM, FACS","BrainNeurons","BrainNeurons.endothelial cell","sce-sparseMatrix","1",0.871999999999957,0.363000000000056
"TM, FACS","BrainNeurons","BrainNeurons.endothelial cell","seurat","1",1.51999999999998,0.0650000000000546
"TM, FACS","BrainNeurons","BrainNeurons.endothelial cell","seurat-sparseMatrix","1",2.13599999999997,0.0650000000000546
"TM, FACS","BrainNeurons","BrainNeurons.endothelial cell","loom-1000","1",0.221000000000004,0.356999999999971
"TM, FACS","BrainNeurons","BrainNeurons.endothelial cell","loom-5000","1",0.173000000000002,0.385999999999967
"TM, FACS","BrainNeurons","BrainNeurons.endothelial cell","scfind","2",1.01299999999992,0.0210000000001855
"TM, FACS","BrainNeurons","BrainNeurons.endothelial cell","sce","2",2.15200000000004,0.301999999999907
"TM, FACS","BrainNeurons","BrainNeurons.endothelial cell","sce-sparseMatrix","2",0.871999999999957,0.394000000000005
"TM, FACS","BrainNeurons","BrainNeurons.endothelial cell","seurat","2",1.51999999999998,0.256999999999834
"TM, FACS","BrainNeurons","BrainNeurons.endothelial cell","seurat-sparseMatrix","2",2.13599999999997,0.258000000000038
"TM, FACS","BrainNeurons","BrainNeurons.endothelial cell","loom-1000","2",0.221000000000004,0.355000000000018
"TM, FACS","BrainNeurons","BrainNeurons.endothelial cell","loom-5000","2",0.173000000000002,0.336000000000013
"TM, FACS","BrainNeurons","BrainNeurons.endothelial cell","scfind","3",1.01299999999992,0.0209999999999582
"TM, FACS","BrainNeurons","BrainNeurons.endothelial cell","sce","3",2.15200000000004,0.30600000000004
"TM, FACS","BrainNeurons","BrainNeurons.endothelial cell","sce-sparseMatrix","3",0.871999999999957,0.365999999999985
"TM, FACS","BrainNeurons","BrainNeurons.endothelial cell","seurat","3",1.51999999999998,0.365000000000009
"TM, FACS","BrainNeurons","BrainNeurons.endothelial cell","seurat-sparseMatrix","3",2.13599999999997,0.357999999999947
"TM, FACS","BrainNeurons","BrainNeurons.endothelial cell","loom-1000","3",0.221000000000004,0.388999999999896
"TM, FACS","BrainNeurons","BrainNeurons.endothelial cell","loom-5000","3",0.173000000000002,0.338999999999942
"TM, FACS","BrainNeurons","BrainNeurons.endothelial cell","scfind","4",1.01299999999992,0.0229999999999109
"TM, FACS","BrainNeurons","BrainNeurons.endothelial cell","sce","4",2.15200000000004,0.384999999999991
"TM, FACS","BrainNeurons","BrainNeurons.endothelial cell","sce-sparseMatrix","4",0.871999999999957,0.353000000000065
"TM, FACS","BrainNeurons","BrainNeurons.endothelial cell","seurat","4",1.51999999999998,0.489000000000033
"TM, FACS","BrainNeurons","BrainNeurons.endothelial cell","seurat-sparseMatrix","4",2.13599999999997,0.511999999999944
"TM, FACS","BrainNeurons","BrainNeurons.endothelial cell","loom-1000","4",0.221000000000004,0.394999999999982
"TM, FACS","BrainNeurons","BrainNeurons.endothelial cell","loom-5000","4",0.173000000000002,0.347999999999956
"TM, FACS","BrainNeurons","BrainNeurons.endothelial cell","scfind","5",1.01299999999992,0.0219999999999345
"TM, FACS","BrainNeurons","BrainNeurons.endothelial cell","sce","5",2.15200000000004,0.30600000000004
"TM, FACS","BrainNeurons","BrainNeurons.endothelial cell","sce-sparseMatrix","5",0.871999999999957,0.370999999999867
"TM, FACS","BrainNeurons","BrainNeurons.endothelial cell","seurat","5",1.51999999999998,0.586000000000013
"TM, FACS","BrainNeurons","BrainNeurons.endothelial cell","seurat-sparseMatrix","5",2.13599999999997,0.6099999999999
"TM, FACS","BrainNeurons","BrainNeurons.endothelial cell","loom-1000","5",0.221000000000004,0.337999999999965
"TM, FACS","BrainNeurons","BrainNeurons.endothelial cell","loom-5000","5",0.173000000000002,0.353999999999814
"TM, FACS","BrainNeurons","BrainNeurons.endothelial cell","scfind","6",1.01299999999992,0.0229999999999109
"TM, FACS","BrainNeurons","BrainNeurons.endothelial cell","sce","6",2.15200000000004,0.307000000000016
"TM, FACS","BrainNeurons","BrainNeurons.endothelial cell","sce-sparseMatrix","6",0.871999999999957,0.419000000000096
"TM, FACS","BrainNeurons","BrainNeurons.endothelial cell","seurat","6",1.51999999999998,0.683999999999969
"TM, FACS","BrainNeurons","BrainNeurons.endothelial cell","seurat-sparseMatrix","6",2.13599999999997,0.694000000000187
"TM, FACS","BrainNeurons","BrainNeurons.endothelial cell","loom-1000","6",0.221000000000004,0.345000000000027
"TM, FACS","BrainNeurons","BrainNeurons.endothelial cell","loom-5000","6",0.173000000000002,0.364000000000033
"TM, FACS","BrainNeurons","BrainNeurons.neuron","scfind","1",1.01299999999992,0.0199999999999818
"TM, FACS","BrainNeurons","BrainNeurons.neuron","sce","1",2.15200000000004,0.324000000000069
"TM, FACS","BrainNeurons","BrainNeurons.neuron","sce-sparseMatrix","1",0.871999999999957,0.43100000000004
"TM, FACS","BrainNeurons","BrainNeurons.neuron","seurat","1",1.51999999999998,0.06899999999996
"TM, FACS","BrainNeurons","BrainNeurons.neuron","seurat-sparseMatrix","1",2.13599999999997,0.06899999999996
"TM, FACS","BrainNeurons","BrainNeurons.neuron","loom-1000","1",0.221000000000004,0.370000000000118
"TM, FACS","BrainNeurons","BrainNeurons.neuron","loom-5000","1",0.173000000000002,0.323000000000093
"TM, FACS","BrainNeurons","BrainNeurons.neuron","scfind","2",1.01299999999992,0.0209999999999582
"TM, FACS","BrainNeurons","BrainNeurons.neuron","sce","2",2.15200000000004,0.330000000000155
"TM, FACS","BrainNeurons","BrainNeurons.neuron","sce-sparseMatrix","2",0.871999999999957,0.355999999999995
"TM, FACS","BrainNeurons","BrainNeurons.neuron","seurat","2",1.51999999999998,0.269000000000005
"TM, FACS","BrainNeurons","BrainNeurons.neuron","seurat-sparseMatrix","2",2.13599999999997,0.260999999999967
"TM, FACS","BrainNeurons","BrainNeurons.neuron","loom-1000","2",0.221000000000004,0.363000000000056
"TM, FACS","BrainNeurons","BrainNeurons.neuron","loom-5000","2",0.173000000000002,0.346000000000004
"TM, FACS","BrainNeurons","BrainNeurons.neuron","scfind","3",1.01299999999992,0.0219999999999345
"TM, FACS","BrainNeurons","BrainNeurons.neuron","sce","3",2.15200000000004,0.364000000000033
"TM, FACS","BrainNeurons","BrainNeurons.neuron","sce-sparseMatrix","3",0.871999999999957,0.355000000000018
"TM, FACS","BrainNeurons","BrainNeurons.neuron","seurat","3",1.51999999999998,0.365999999999985
"TM, FACS","BrainNeurons","BrainNeurons.neuron","seurat-sparseMatrix","3",2.13599999999997,0.369999999999891
"TM, FACS","BrainNeurons","BrainNeurons.neuron","loom-1000","3",0.221000000000004,0.360000000000127
"TM, FACS","BrainNeurons","BrainNeurons.neuron","loom-5000","3",0.173000000000002,0.33400000000006
"TM, FACS","BrainNeurons","BrainNeurons.neuron","scfind","4",1.01299999999992,0.0229999999999109
"TM, FACS","BrainNeurons","BrainNeurons.neuron","sce","4",2.15200000000004,0.327999999999975
"TM, FACS","BrainNeurons","BrainNeurons.neuron","sce-sparseMatrix","4",0.871999999999957,0.373000000000047
"TM, FACS","BrainNeurons","BrainNeurons.neuron","seurat","4",1.51999999999998,0.481999999999971
"TM, FACS","BrainNeurons","BrainNeurons.neuron","seurat-sparseMatrix","4",2.13599999999997,0.488000000000056
"TM, FACS","BrainNeurons","BrainNeurons.neuron","loom-1000","4",0.221000000000004,0.373000000000047
"TM, FACS","BrainNeurons","BrainNeurons.neuron","loom-5000","4",0.173000000000002,0.448000000000093
"TM, FACS","BrainNeurons","BrainNeurons.neuron","scfind","5",1.01299999999992,0.0260000000000673
"TM, FACS","BrainNeurons","BrainNeurons.neuron","sce","5",2.15200000000004,0.333999999999833
"TM, FACS","BrainNeurons","BrainNeurons.neuron","sce-sparseMatrix","5",0.871999999999957,0.355999999999995
"TM, FACS","BrainNeurons","BrainNeurons.neuron","seurat","5",1.51999999999998,0.596000000000004
"TM, FACS","BrainNeurons","BrainNeurons.neuron","seurat-sparseMatrix","5",2.13599999999997,0.598999999999933
"TM, FACS","BrainNeurons","BrainNeurons.neuron","loom-1000","5",0.221000000000004,0.346000000000004
"TM, FACS","BrainNeurons","BrainNeurons.neuron","loom-5000","5",0.173000000000002,0.412000000000035
"TM, FACS","BrainNeurons","BrainNeurons.neuron","scfind","6",1.01299999999992,0.0239999999998872
"TM, FACS","BrainNeurons","BrainNeurons.neuron","sce","6",2.15200000000004,0.333000000000084
"TM, FACS","BrainNeurons","BrainNeurons.neuron","sce-sparseMatrix","6",0.871999999999957,0.432999999999993
"TM, FACS","BrainNeurons","BrainNeurons.neuron","seurat","6",1.51999999999998,0.694999999999936
"TM, FACS","BrainNeurons","BrainNeurons.neuron","seurat-sparseMatrix","6",2.13599999999997,1.22299999999996
"TM, FACS","BrainNeurons","BrainNeurons.neuron","loom-1000","6",0.221000000000004,0.366999999999962
"TM, FACS","BrainNeurons","BrainNeurons.neuron","loom-5000","6",0.173000000000002,0.444999999999936
"TM, FACS","BrainNeurons","BrainNeurons.neuronal stem cell","scfind","1",1.01299999999992,0.0199999999999818
"TM, FACS","BrainNeurons","BrainNeurons.neuronal stem cell","sce","1",2.15200000000004,0.383000000000038
"TM, FACS","BrainNeurons","BrainNeurons.neuronal stem cell","sce-sparseMatrix","1",0.871999999999957,0.354000000000042
"TM, FACS","BrainNeurons","BrainNeurons.neuronal stem cell","seurat","1",1.51999999999998,0.0670000000000073
"TM, FACS","BrainNeurons","BrainNeurons.neuronal stem cell","seurat-sparseMatrix","1",2.13599999999997,0.0660000000000309
"TM, FACS","BrainNeurons","BrainNeurons.neuronal stem cell","loom-1000","1",0.221000000000004,0.353000000000065
"TM, FACS","BrainNeurons","BrainNeurons.neuronal stem cell","loom-5000","1",0.173000000000002,0.319999999999936
"TM, FACS","BrainNeurons","BrainNeurons.neuronal stem cell","scfind","2",1.01299999999992,0.0199999999999818
"TM, FACS","BrainNeurons","BrainNeurons.neuronal stem cell","sce","2",2.15200000000004,0.322999999999865
"TM, FACS","BrainNeurons","BrainNeurons.neuronal stem cell","sce-sparseMatrix","2",0.871999999999957,0.369000000000142
"TM, FACS","BrainNeurons","BrainNeurons.neuronal stem cell","seurat","2",1.51999999999998,0.303000000000111
"TM, FACS","BrainNeurons","BrainNeurons.neuronal stem cell","seurat-sparseMatrix","2",2.13599999999997,0.2650000000001
"TM, FACS","BrainNeurons","BrainNeurons.neuronal stem cell","loom-1000","2",0.221000000000004,0.858999999999924
"TM, FACS","BrainNeurons","BrainNeurons.neuronal stem cell","loom-5000","2",0.173000000000002,0.323000000000093
"TM, FACS","BrainNeurons","BrainNeurons.neuronal stem cell","scfind","3",1.01299999999992,0.0220000000001619
"TM, FACS","BrainNeurons","BrainNeurons.neuronal stem cell","sce","3",2.15200000000004,0.394000000000005
"TM, FACS","BrainNeurons","BrainNeurons.neuronal stem cell","sce-sparseMatrix","3",0.871999999999957,0.353999999999814
"TM, FACS","BrainNeurons","BrainNeurons.neuronal stem cell","seurat","3",1.51999999999998,0.365000000000009
"TM, FACS","BrainNeurons","BrainNeurons.neuronal stem cell","seurat-sparseMatrix","3",2.13599999999997,0.364000000000033
"TM, FACS","BrainNeurons","BrainNeurons.neuronal stem cell","loom-1000","3",0.221000000000004,0.413999999999987
"TM, FACS","BrainNeurons","BrainNeurons.neuronal stem cell","loom-5000","3",0.173000000000002,0.372000000000071
"TM, FACS","BrainNeurons","BrainNeurons.neuronal stem cell","scfind","4",1.01299999999992,0.0210000000001855
"TM, FACS","BrainNeurons","BrainNeurons.neuronal stem cell","sce","4",2.15200000000004,0.310999999999922
"TM, FACS","BrainNeurons","BrainNeurons.neuronal stem cell","sce-sparseMatrix","4",0.871999999999957,0.374000000000024
"TM, FACS","BrainNeurons","BrainNeurons.neuronal stem cell","seurat","4",1.51999999999998,0.470000000000027
"TM, FACS","BrainNeurons","BrainNeurons.neuronal stem cell","seurat-sparseMatrix","4",2.13599999999997,0.461999999999989
"TM, FACS","BrainNeurons","BrainNeurons.neuronal stem cell","loom-1000","4",0.221000000000004,0.364000000000033
"TM, FACS","BrainNeurons","BrainNeurons.neuronal stem cell","loom-5000","4",0.173000000000002,0.338999999999942
"TM, FACS","BrainNeurons","BrainNeurons.neuronal stem cell","scfind","5",1.01299999999992,0.0209999999999582
"TM, FACS","BrainNeurons","BrainNeurons.neuronal stem cell","sce","5",2.15200000000004,0.326999999999998
"TM, FACS","BrainNeurons","BrainNeurons.neuronal stem cell","sce-sparseMatrix","5",0.871999999999957,0.351000000000113
"TM, FACS","BrainNeurons","BrainNeurons.neuronal stem cell","seurat","5",1.51999999999998,0.587999999999965
"TM, FACS","BrainNeurons","BrainNeurons.neuronal stem cell","seurat-sparseMatrix","5",2.13599999999997,0.600000000000136
"TM, FACS","BrainNeurons","BrainNeurons.neuronal stem cell","loom-1000","5",0.221000000000004,0.394999999999982
"TM, FACS","BrainNeurons","BrainNeurons.neuronal stem cell","loom-5000","5",0.173000000000002,0.422000000000025
"TM, FACS","BrainNeurons","BrainNeurons.neuronal stem cell","scfind","6",1.01299999999992,0.0230000000001382
"TM, FACS","BrainNeurons","BrainNeurons.neuronal stem cell","sce","6",2.15200000000004,0.309999999999945
"TM, FACS","BrainNeurons","BrainNeurons.neuronal stem cell","sce-sparseMatrix","6",0.871999999999957,0.375999999999976
"TM, FACS","BrainNeurons","BrainNeurons.neuronal stem cell","seurat","6",1.51999999999998,1.21800000000007
"TM, FACS","BrainNeurons","BrainNeurons.neuronal stem cell","seurat-sparseMatrix","6",2.13599999999997,0.730000000000018
"TM, FACS","BrainNeurons","BrainNeurons.neuronal stem cell","loom-1000","6",0.221000000000004,0.365000000000009
"TM, FACS","BrainNeurons","BrainNeurons.neuronal stem cell","loom-5000","6",0.173000000000002,0.349999999999909
"TM, FACS","BrainNeurons","BrainNeurons.oligodendrocyte","scfind","1",1.01299999999992,0.0209999999999582
"TM, FACS","BrainNeurons","BrainNeurons.oligodendrocyte","sce","1",2.15200000000004,0.375
"TM, FACS","BrainNeurons","BrainNeurons.oligodendrocyte","sce-sparseMatrix","1",0.871999999999957,0.353999999999814
"TM, FACS","BrainNeurons","BrainNeurons.oligodendrocyte","seurat","1",1.51999999999998,0.06899999999996
"TM, FACS","BrainNeurons","BrainNeurons.oligodendrocyte","seurat-sparseMatrix","1",2.13599999999997,0.0679999999999836
"TM, FACS","BrainNeurons","BrainNeurons.oligodendrocyte","loom-1000","1",0.221000000000004,0.840000000000146
"TM, FACS","BrainNeurons","BrainNeurons.oligodendrocyte","loom-5000","1",0.173000000000002,0.322999999999865
"TM, FACS","BrainNeurons","BrainNeurons.oligodendrocyte","scfind","2",1.01299999999992,0.0229999999999109
"TM, FACS","BrainNeurons","BrainNeurons.oligodendrocyte","sce","2",2.15200000000004,0.315000000000055
"TM, FACS","BrainNeurons","BrainNeurons.oligodendrocyte","sce-sparseMatrix","2",0.871999999999957,0.371000000000095
"TM, FACS","BrainNeurons","BrainNeurons.oligodendrocyte","seurat","2",1.51999999999998,0.266999999999825
"TM, FACS","BrainNeurons","BrainNeurons.oligodendrocyte","seurat-sparseMatrix","2",2.13599999999997,0.271000000000186
"TM, FACS","BrainNeurons","BrainNeurons.oligodendrocyte","loom-1000","2",0.221000000000004,0.979000000000269
"TM, FACS","BrainNeurons","BrainNeurons.oligodendrocyte","loom-5000","2",0.173000000000002,0.33199999999988
"TM, FACS","BrainNeurons","BrainNeurons.oligodendrocyte","scfind","3",1.01299999999992,0.024000000000342
"TM, FACS","BrainNeurons","BrainNeurons.oligodendrocyte","sce","3",2.15200000000004,0.385000000000218
"TM, FACS","BrainNeurons","BrainNeurons.oligodendrocyte","sce-sparseMatrix","3",0.871999999999957,0.363000000000284
"TM, FACS","BrainNeurons","BrainNeurons.oligodendrocyte","seurat","3",1.51999999999998,0.375
"TM, FACS","BrainNeurons","BrainNeurons.oligodendrocyte","seurat-sparseMatrix","3",2.13599999999997,0.371999999999844
"TM, FACS","BrainNeurons","BrainNeurons.oligodendrocyte","loom-1000","3",0.221000000000004,0.38799999999992
"TM, FACS","BrainNeurons","BrainNeurons.oligodendrocyte","loom-5000","3",0.173000000000002,0.332000000000335
"TM, FACS","BrainNeurons","BrainNeurons.oligodendrocyte","scfind","4",1.01299999999992,0.0230000000001382
"TM, FACS","BrainNeurons","BrainNeurons.oligodendrocyte","sce","4",2.15200000000004,0.329999999999927
"TM, FACS","BrainNeurons","BrainNeurons.oligodendrocyte","sce-sparseMatrix","4",0.871999999999957,0.373000000000047
"TM, FACS","BrainNeurons","BrainNeurons.oligodendrocyte","seurat","4",1.51999999999998,0.530999999999949
"TM, FACS","BrainNeurons","BrainNeurons.oligodendrocyte","seurat-sparseMatrix","4",2.13599999999997,1.03800000000001
"TM, FACS","BrainNeurons","BrainNeurons.oligodendrocyte","loom-1000","4",0.221000000000004,0.344000000000051
"TM, FACS","BrainNeurons","BrainNeurons.oligodendrocyte","loom-5000","4",0.173000000000002,0.360999999999876
"TM, FACS","BrainNeurons","BrainNeurons.oligodendrocyte","scfind","5",1.01299999999992,0.0229999999996835
"TM, FACS","BrainNeurons","BrainNeurons.oligodendrocyte","sce","5",2.15200000000004,0.313000000000102
"TM, FACS","BrainNeurons","BrainNeurons.oligodendrocyte","sce-sparseMatrix","5",0.871999999999957,0.380999999999858
"TM, FACS","BrainNeurons","BrainNeurons.oligodendrocyte","seurat","5",1.51999999999998,0.624000000000251
"TM, FACS","BrainNeurons","BrainNeurons.oligodendrocyte","seurat-sparseMatrix","5",2.13599999999997,0.664000000000215
"TM, FACS","BrainNeurons","BrainNeurons.oligodendrocyte","loom-1000","5",0.221000000000004,0.347000000000207
"TM, FACS","BrainNeurons","BrainNeurons.oligodendrocyte","loom-5000","5",0.173000000000002,0.36200000000008
"TM, FACS","BrainNeurons","BrainNeurons.oligodendrocyte","scfind","6",1.01299999999992,0.0219999999999345
"TM, FACS","BrainNeurons","BrainNeurons.oligodendrocyte","sce","6",2.15200000000004,0.33199999999988
"TM, FACS","BrainNeurons","BrainNeurons.oligodendrocyte","sce-sparseMatrix","6",0.871999999999957,0.358000000000175
"TM, FACS","BrainNeurons","BrainNeurons.oligodendrocyte","seurat","6",1.51999999999998,1.19999999999982
"TM, FACS","BrainNeurons","BrainNeurons.oligodendrocyte","seurat-sparseMatrix","6",2.13599999999997,0.715000000000146
"TM, FACS","BrainNeurons","BrainNeurons.oligodendrocyte","loom-1000","6",0.221000000000004,0.87099999999964
"TM, FACS","BrainNeurons","BrainNeurons.oligodendrocyte","loom-5000","6",0.173000000000002,0.347000000000207
"TM, FACS","BrainNeurons","BrainNeurons.oligodendrocyte precursor cell","scfind","1",1.01299999999992,0.0199999999999818
"TM, FACS","BrainNeurons","BrainNeurons.oligodendrocyte precursor cell","sce","1",2.15200000000004,0.365000000000236
"TM, FACS","BrainNeurons","BrainNeurons.oligodendrocyte precursor cell","sce-sparseMatrix","1",0.871999999999957,0.353999999999814
"TM, FACS","BrainNeurons","BrainNeurons.oligodendrocyte precursor cell","seurat","1",1.51999999999998,0.0670000000000073
"TM, FACS","BrainNeurons","BrainNeurons.oligodendrocyte precursor cell","seurat-sparseMatrix","1",2.13599999999997,0.0670000000000073
"TM, FACS","BrainNeurons","BrainNeurons.oligodendrocyte precursor cell","loom-1000","1",0.221000000000004,0.341999999999643
"TM, FACS","BrainNeurons","BrainNeurons.oligodendrocyte precursor cell","loom-5000","1",0.173000000000002,0.335999999999785
"TM, FACS","BrainNeurons","BrainNeurons.oligodendrocyte precursor cell","scfind","2",1.01299999999992,0.0219999999999345
"TM, FACS","BrainNeurons","BrainNeurons.oligodendrocyte precursor cell","sce","2",2.15200000000004,0.311000000000149
"TM, FACS","BrainNeurons","BrainNeurons.oligodendrocyte precursor cell","sce-sparseMatrix","2",0.871999999999957,0.367000000000189
"TM, FACS","BrainNeurons","BrainNeurons.oligodendrocyte precursor cell","seurat","2",1.51999999999998,0.303000000000338
"TM, FACS","BrainNeurons","BrainNeurons.oligodendrocyte precursor cell","seurat-sparseMatrix","2",2.13599999999997,0.269999999999982
"TM, FACS","BrainNeurons","BrainNeurons.oligodendrocyte precursor cell","loom-1000","2",0.221000000000004,0.869999999999891
"TM, FACS","BrainNeurons","BrainNeurons.oligodendrocyte precursor cell","loom-5000","2",0.173000000000002,0.327000000000226
"TM, FACS","BrainNeurons","BrainNeurons.oligodendrocyte precursor cell","scfind","3",1.01299999999992,0.0210000000001855
"TM, FACS","BrainNeurons","BrainNeurons.oligodendrocyte precursor cell","sce","3",2.15200000000004,0.376000000000204
"TM, FACS","BrainNeurons","BrainNeurons.oligodendrocyte precursor cell","sce-sparseMatrix","3",0.871999999999957,0.356999999999971
"TM, FACS","BrainNeurons","BrainNeurons.oligodendrocyte precursor cell","seurat","3",1.51999999999998,0.367000000000189
"TM, FACS","BrainNeurons","BrainNeurons.oligodendrocyte precursor cell","seurat-sparseMatrix","3",2.13599999999997,0.404999999999745
"TM, FACS","BrainNeurons","BrainNeurons.oligodendrocyte precursor cell","loom-1000","3",0.221000000000004,0.438999999999851
"TM, FACS","BrainNeurons","BrainNeurons.oligodendrocyte precursor cell","loom-5000","3",0.173000000000002,0.349999999999909
"TM, FACS","BrainNeurons","BrainNeurons.oligodendrocyte precursor cell","scfind","4",1.01299999999992,0.0220000000003893
"TM, FACS","BrainNeurons","BrainNeurons.oligodendrocyte precursor cell","sce","4",2.15200000000004,0.317000000000007
"TM, FACS","BrainNeurons","BrainNeurons.oligodendrocyte precursor cell","sce-sparseMatrix","4",0.871999999999957,0.378999999999905
"TM, FACS","BrainNeurons","BrainNeurons.oligodendrocyte precursor cell","seurat","4",1.51999999999998,0.498999999999796
"TM, FACS","BrainNeurons","BrainNeurons.oligodendrocyte precursor cell","seurat-sparseMatrix","4",2.13599999999997,0.480000000000018
"TM, FACS","BrainNeurons","BrainNeurons.oligodendrocyte precursor cell","loom-1000","4",0.221000000000004,0.358000000000175
"TM, FACS","BrainNeurons","BrainNeurons.oligodendrocyte precursor cell","loom-5000","4",0.173000000000002,0.376999999999953
"TM, FACS","BrainNeurons","BrainNeurons.oligodendrocyte precursor cell","scfind","5",1.01299999999992,0.0219999999999345
"TM, FACS","BrainNeurons","BrainNeurons.oligodendrocyte precursor cell","sce","5",2.15200000000004,0.340000000000146
"TM, FACS","BrainNeurons","BrainNeurons.oligodendrocyte precursor cell","sce-sparseMatrix","5",0.871999999999957,0.359000000000378
"TM, FACS","BrainNeurons","BrainNeurons.oligodendrocyte precursor cell","seurat","5",1.51999999999998,0.615999999999985
"TM, FACS","BrainNeurons","BrainNeurons.oligodendrocyte precursor cell","seurat-sparseMatrix","5",2.13599999999997,0.599999999999909
"TM, FACS","BrainNeurons","BrainNeurons.oligodendrocyte precursor cell","loom-1000","5",0.221000000000004,0.878999999999905
"TM, FACS","BrainNeurons","BrainNeurons.oligodendrocyte precursor cell","loom-5000","5",0.173000000000002,0.355000000000018
"TM, FACS","BrainNeurons","BrainNeurons.oligodendrocyte precursor cell","scfind","6",1.01299999999992,0.0210000000001855
"TM, FACS","BrainNeurons","BrainNeurons.oligodendrocyte precursor cell","sce","6",2.15200000000004,0.360999999999876
"TM, FACS","BrainNeurons","BrainNeurons.oligodendrocyte precursor cell","sce-sparseMatrix","6",0.871999999999957,0.373999999999796
"TM, FACS","BrainNeurons","BrainNeurons.oligodendrocyte precursor cell","seurat","6",1.51999999999998,0.701999999999771
"TM, FACS","BrainNeurons","BrainNeurons.oligodendrocyte precursor cell","seurat-sparseMatrix","6",2.13599999999997,0.74599999999964
"TM, FACS","BrainNeurons","BrainNeurons.oligodendrocyte precursor cell","loom-1000","6",0.221000000000004,0.369000000000142
"TM, FACS","BrainNeurons","BrainNeurons.oligodendrocyte precursor cell","loom-5000","6",0.173000000000002,0.349999999999909
"TM, FACS","BrainNeurons","BrainNeurons.smooth muscle cell","scfind","1",1.01299999999992,0.0189999999997781
"TM, FACS","BrainNeurons","BrainNeurons.smooth muscle cell","sce","1",2.15200000000004,0.335999999999785
"TM, FACS","BrainNeurons","BrainNeurons.smooth muscle cell","sce-sparseMatrix","1",0.871999999999957,0.356999999999971
"TM, FACS","BrainNeurons","BrainNeurons.smooth muscle cell","seurat","1",1.51999999999998,0.068000000000211
"TM, FACS","BrainNeurons","BrainNeurons.smooth muscle cell","seurat-sparseMatrix","1",2.13599999999997,0.068000000000211
"TM, FACS","BrainNeurons","BrainNeurons.smooth muscle cell","loom-1000","1",0.221000000000004,0.356999999999971
"TM, FACS","BrainNeurons","BrainNeurons.smooth muscle cell","loom-5000","1",0.173000000000002,0.324000000000069
"TM, FACS","BrainNeurons","BrainNeurons.smooth muscle cell","scfind","2",1.01299999999992,0.0239999999998872
"TM, FACS","BrainNeurons","BrainNeurons.smooth muscle cell","sce","2",2.15200000000004,0.373000000000047
"TM, FACS","BrainNeurons","BrainNeurons.smooth muscle cell","sce-sparseMatrix","2",0.871999999999957,0.358000000000175
"TM, FACS","BrainNeurons","BrainNeurons.smooth muscle cell","seurat","2",1.51999999999998,0.271999999999935
"TM, FACS","BrainNeurons","BrainNeurons.smooth muscle cell","seurat-sparseMatrix","2",2.13599999999997,0.271000000000186
"TM, FACS","BrainNeurons","BrainNeurons.smooth muscle cell","loom-1000","2",0.221000000000004,0.338000000000193
"TM, FACS","BrainNeurons","BrainNeurons.smooth muscle cell","loom-5000","2",0.173000000000002,0.355000000000018
"TM, FACS","BrainNeurons","BrainNeurons.smooth muscle cell","scfind","3",1.01299999999992,0.0219999999999345
"TM, FACS","BrainNeurons","BrainNeurons.smooth muscle cell","sce","3",2.15200000000004,0.329999999999927
"TM, FACS","BrainNeurons","BrainNeurons.smooth muscle cell","sce-sparseMatrix","3",0.871999999999957,0.359000000000378
"TM, FACS","BrainNeurons","BrainNeurons.smooth muscle cell","seurat","3",1.51999999999998,0.380000000000109
"TM, FACS","BrainNeurons","BrainNeurons.smooth muscle cell","seurat-sparseMatrix","3",2.13599999999997,0.382000000000062
"TM, FACS","BrainNeurons","BrainNeurons.smooth muscle cell","loom-1000","3",0.221000000000004,0.375
"TM, FACS","BrainNeurons","BrainNeurons.smooth muscle cell","loom-5000","3",0.173000000000002,0.334000000000287
"TM, FACS","BrainNeurons","BrainNeurons.smooth muscle cell","scfind","4",1.01299999999992,0.0209999999997308
"TM, FACS","BrainNeurons","BrainNeurons.smooth muscle cell","sce","4",2.15200000000004,0.360999999999876
"TM, FACS","BrainNeurons","BrainNeurons.smooth muscle cell","sce-sparseMatrix","4",0.871999999999957,0.356000000000222
"TM, FACS","BrainNeurons","BrainNeurons.smooth muscle cell","seurat","4",1.51999999999998,0.510999999999967
"TM, FACS","BrainNeurons","BrainNeurons.smooth muscle cell","seurat-sparseMatrix","4",2.13599999999997,0.48299999999972
"TM, FACS","BrainNeurons","BrainNeurons.smooth muscle cell","loom-1000","4",0.221000000000004,0.885999999999967
"TM, FACS","BrainNeurons","BrainNeurons.smooth muscle cell","loom-5000","4",0.173000000000002,0.358000000000175
"TM, FACS","BrainNeurons","BrainNeurons.smooth muscle cell","scfind","5",1.01299999999992,0.0219999999999345
"TM, FACS","BrainNeurons","BrainNeurons.smooth muscle cell","sce","5",2.15200000000004,0.36200000000008
"TM, FACS","BrainNeurons","BrainNeurons.smooth muscle cell","sce-sparseMatrix","5",0.871999999999957,0.360000000000127
"TM, FACS","BrainNeurons","BrainNeurons.smooth muscle cell","seurat","5",1.51999999999998,0.617999999999938
"TM, FACS","BrainNeurons","BrainNeurons.smooth muscle cell","seurat-sparseMatrix","5",2.13599999999997,0.613000000000284
"TM, FACS","BrainNeurons","BrainNeurons.smooth muscle cell","loom-1000","5",0.221000000000004,0.347999999999956
"TM, FACS","BrainNeurons","BrainNeurons.smooth muscle cell","loom-5000","5",0.173000000000002,0.424999999999727
"TM, FACS","BrainNeurons","BrainNeurons.smooth muscle cell","scfind","6",1.01299999999992,0.0239999999998872
"TM, FACS","BrainNeurons","BrainNeurons.smooth muscle cell","sce","6",2.15200000000004,0.389000000000124
"TM, FACS","BrainNeurons","BrainNeurons.smooth muscle cell","sce-sparseMatrix","6",0.871999999999957,0.364000000000033
"TM, FACS","BrainNeurons","BrainNeurons.smooth muscle cell","seurat","6",1.51999999999998,1.28600000000006
"TM, FACS","BrainNeurons","BrainNeurons.smooth muscle cell","seurat-sparseMatrix","6",2.13599999999997,0.725999999999658
"TM, FACS","BrainNeurons","BrainNeurons.smooth muscle cell","loom-1000","6",0.221000000000004,0.36200000000008
"TM, FACS","BrainNeurons","BrainNeurons.smooth muscle cell","loom-5000","6",0.173000000000002,0.346000000000004
"TM, FACS","BrainNeurons","BrainNeurons.unknown","scfind","1",1.01299999999992,0.0210000000001855
"TM, FACS","BrainNeurons","BrainNeurons.unknown","sce","1",2.15200000000004,0.382999999999811
"TM, FACS","BrainNeurons","BrainNeurons.unknown","sce-sparseMatrix","1",0.871999999999957,0.35799999999972
"TM, FACS","BrainNeurons","BrainNeurons.unknown","seurat","1",1.51999999999998,0.06899999999996
"TM, FACS","BrainNeurons","BrainNeurons.unknown","seurat-sparseMatrix","1",2.13599999999997,0.0710000000003674
"TM, FACS","BrainNeurons","BrainNeurons.unknown","loom-1000","1",0.221000000000004,0.871000000000095
"TM, FACS","BrainNeurons","BrainNeurons.unknown","loom-5000","1",0.173000000000002,0.366999999999734
"TM, FACS","BrainNeurons","BrainNeurons.unknown","scfind","2",1.01299999999992,0.0230000000001382
"TM, FACS","BrainNeurons","BrainNeurons.unknown","sce","2",2.15200000000004,0.336999999999989
"TM, FACS","BrainNeurons","BrainNeurons.unknown","sce-sparseMatrix","2",0.871999999999957,0.384000000000015
"TM, FACS","BrainNeurons","BrainNeurons.unknown","seurat","2",1.51999999999998,0.275000000000091
"TM, FACS","BrainNeurons","BrainNeurons.unknown","seurat-sparseMatrix","2",2.13599999999997,0.268000000000029
"TM, FACS","BrainNeurons","BrainNeurons.unknown","loom-1000","2",0.221000000000004,0.351000000000113
"TM, FACS","BrainNeurons","BrainNeurons.unknown","loom-5000","2",0.173000000000002,0.329999999999927
"TM, FACS","BrainNeurons","BrainNeurons.unknown","scfind","3",1.01299999999992,0.0230000000001382
"TM, FACS","BrainNeurons","BrainNeurons.unknown","sce","3",2.15200000000004,0.328999999999724
"TM, FACS","BrainNeurons","BrainNeurons.unknown","sce-sparseMatrix","3",0.871999999999957,0.375
"TM, FACS","BrainNeurons","BrainNeurons.unknown","seurat","3",1.51999999999998,0.392999999999574
"TM, FACS","BrainNeurons","BrainNeurons.unknown","seurat-sparseMatrix","3",2.13599999999997,0.38799999999992
"TM, FACS","BrainNeurons","BrainNeurons.unknown","loom-1000","3",0.221000000000004,0.361000000000331
"TM, FACS","BrainNeurons","BrainNeurons.unknown","loom-5000","3",0.173000000000002,0.376999999999953
"TM, FACS","BrainNeurons","BrainNeurons.unknown","scfind","4",1.01299999999992,0.0229999999996835
"TM, FACS","BrainNeurons","BrainNeurons.unknown","sce","4",2.15200000000004,0.326000000000022
"TM, FACS","BrainNeurons","BrainNeurons.unknown","sce-sparseMatrix","4",0.871999999999957,0.369999999999891
"TM, FACS","BrainNeurons","BrainNeurons.unknown","seurat","4",1.51999999999998,0.485999999999876
"TM, FACS","BrainNeurons","BrainNeurons.unknown","seurat-sparseMatrix","4",2.13599999999997,0.484999999999673
"TM, FACS","BrainNeurons","BrainNeurons.unknown","loom-1000","4",0.221000000000004,0.382999999999811
"TM, FACS","BrainNeurons","BrainNeurons.unknown","loom-5000","4",0.173000000000002,0.360000000000127
"TM, FACS","Colon","Colon.Brush cell of epithelium proper of large intestine","scfind","1",0.980999999999767,0.0230000000001382
"TM, FACS","Colon","Colon.Brush cell of epithelium proper of large intestine","sce","1",1.73100000000022,0.822000000000116
"TM, FACS","Colon","Colon.Brush cell of epithelium proper of large intestine","sce-sparseMatrix","1",1.16499999999996,0.275000000000091
"TM, FACS","Colon","Colon.Brush cell of epithelium proper of large intestine","seurat","1",2.11400000000003,0.0820000000003347
"TM, FACS","Colon","Colon.Brush cell of epithelium proper of large intestine","seurat-sparseMatrix","1",2.29799999999977,0.0830000000000837
"TM, FACS","Colon","Colon.Brush cell of epithelium proper of large intestine","loom-1000","1",0.215000000000146,0.61200000000008
"TM, FACS","Colon","Colon.Brush cell of epithelium proper of large intestine","loom-5000","1",0.195999999999913,0.378999999999905
"TM, FACS","Colon","Colon.Brush cell of epithelium proper of large intestine","scfind","2",0.980999999999767,0.0270000000000437
"TM, FACS","Colon","Colon.Brush cell of epithelium proper of large intestine","sce","2",1.73100000000022,0.246999999999844
"TM, FACS","Colon","Colon.Brush cell of epithelium proper of large intestine","sce-sparseMatrix","2",1.16499999999996,0.252000000000407
"TM, FACS","Colon","Colon.Brush cell of epithelium proper of large intestine","seurat","2",2.11400000000003,0.262000000000171
"TM, FACS","Colon","Colon.Brush cell of epithelium proper of large intestine","seurat-sparseMatrix","2",2.29799999999977,0.263999999999669
"TM, FACS","Colon","Colon.Brush cell of epithelium proper of large intestine","loom-1000","2",0.215000000000146,0.376999999999953
"TM, FACS","Colon","Colon.Brush cell of epithelium proper of large intestine","loom-5000","2",0.195999999999913,0.36200000000008
"TM, FACS","Colon","Colon.Brush cell of epithelium proper of large intestine","scfind","3",0.980999999999767,0.0239999999998872
"TM, FACS","Colon","Colon.Brush cell of epithelium proper of large intestine","sce","3",1.73100000000022,0.188000000000102
"TM, FACS","Colon","Colon.Brush cell of epithelium proper of large intestine","sce-sparseMatrix","3",1.16499999999996,0.251000000000204
"TM, FACS","Colon","Colon.Brush cell of epithelium proper of large intestine","seurat","3",2.11400000000003,0.373000000000047
"TM, FACS","Colon","Colon.Brush cell of epithelium proper of large intestine","seurat-sparseMatrix","3",2.29799999999977,0.355000000000018
"TM, FACS","Colon","Colon.Brush cell of epithelium proper of large intestine","loom-1000","3",0.215000000000146,0.519000000000233
"TM, FACS","Colon","Colon.Brush cell of epithelium proper of large intestine","loom-5000","3",0.195999999999913,0.40099999999984
"TM, FACS","Colon","Colon.Brush cell of epithelium proper of large intestine","scfind","4",0.980999999999767,0.0259999999998399
"TM, FACS","Colon","Colon.Brush cell of epithelium proper of large intestine","sce","4",1.73100000000022,0.22400000000016
"TM, FACS","Colon","Colon.Brush cell of epithelium proper of large intestine","sce-sparseMatrix","4",1.16499999999996,0.275000000000091
"TM, FACS","Colon","Colon.Brush cell of epithelium proper of large intestine","seurat","4",2.11400000000003,0.482000000000426
"TM, FACS","Colon","Colon.Brush cell of epithelium proper of large intestine","seurat-sparseMatrix","4",2.29799999999977,0.463999999999942
"TM, FACS","Colon","Colon.Brush cell of epithelium proper of large intestine","loom-1000","4",0.215000000000146,0.371999999999844
"TM, FACS","Colon","Colon.Brush cell of epithelium proper of large intestine","loom-5000","4",0.195999999999913,0.231000000000222
"TM, FACS","Colon","Colon.Brush cell of epithelium proper of large intestine","scfind","5",0.980999999999767,0.0250000000000909
"TM, FACS","Colon","Colon.Brush cell of epithelium proper of large intestine","sce","5",1.73100000000022,0.220000000000255
"TM, FACS","Colon","Colon.Brush cell of epithelium proper of large intestine","sce-sparseMatrix","5",1.16499999999996,0.254999999999654
"TM, FACS","Colon","Colon.Brush cell of epithelium proper of large intestine","seurat","5",2.11400000000003,0.570000000000164
"TM, FACS","Colon","Colon.Brush cell of epithelium proper of large intestine","seurat-sparseMatrix","5",2.29799999999977,0.593000000000302
"TM, FACS","Colon","Colon.Brush cell of epithelium proper of large intestine","loom-1000","5",0.215000000000146,0.226000000000113
"TM, FACS","Colon","Colon.Brush cell of epithelium proper of large intestine","loom-5000","5",0.195999999999913,0.222999999999956
"TM, FACS","Colon","Colon.Brush cell of epithelium proper of large intestine","scfind","6",0.980999999999767,0.024000000000342
"TM, FACS","Colon","Colon.Brush cell of epithelium proper of large intestine","sce","6",1.73100000000022,0.213000000000193
"TM, FACS","Colon","Colon.Brush cell of epithelium proper of large intestine","sce-sparseMatrix","6",1.16499999999996,0.253999999999905
"TM, FACS","Colon","Colon.Brush cell of epithelium proper of large intestine","seurat","6",2.11400000000003,1.19200000000001
"TM, FACS","Colon","Colon.Brush cell of epithelium proper of large intestine","seurat-sparseMatrix","6",2.29799999999977,0.677999999999884
"TM, FACS","Colon","Colon.Brush cell of epithelium proper of large intestine","loom-1000","6",0.215000000000146,0.242999999999938
"TM, FACS","Colon","Colon.Brush cell of epithelium proper of large intestine","loom-5000","6",0.195999999999913,0.311000000000149
"TM, FACS","Colon","Colon.enterocyte of epithelium of large intestine","scfind","1",0.980999999999767,0.0230000000001382
"TM, FACS","Colon","Colon.enterocyte of epithelium of large intestine","sce","1",1.73100000000022,0.188999999999851
"TM, FACS","Colon","Colon.enterocyte of epithelium of large intestine","sce-sparseMatrix","1",1.16499999999996,0.268999999999778
"TM, FACS","Colon","Colon.enterocyte of epithelium of large intestine","seurat","1",2.11400000000003,0.0839999999998327
"TM, FACS","Colon","Colon.enterocyte of epithelium of large intestine","seurat-sparseMatrix","1",2.29799999999977,0.0830000000000837
"TM, FACS","Colon","Colon.enterocyte of epithelium of large intestine","loom-1000","1",0.215000000000146,0.204999999999927
"TM, FACS","Colon","Colon.enterocyte of epithelium of large intestine","loom-5000","1",0.195999999999913,0.204999999999927
"TM, FACS","Colon","Colon.enterocyte of epithelium of large intestine","scfind","2",0.980999999999767,0.0250000000000909
"TM, FACS","Colon","Colon.enterocyte of epithelium of large intestine","sce","2",1.73100000000022,0.221000000000004
"TM, FACS","Colon","Colon.enterocyte of epithelium of large intestine","sce-sparseMatrix","2",1.16499999999996,0.25
"TM, FACS","Colon","Colon.enterocyte of epithelium of large intestine","seurat","2",2.11400000000003,0.263999999999669
"TM, FACS","Colon","Colon.enterocyte of epithelium of large intestine","seurat-sparseMatrix","2",2.29799999999977,0.263999999999669
"TM, FACS","Colon","Colon.enterocyte of epithelium of large intestine","loom-1000","2",0.215000000000146,0.233000000000175
"TM, FACS","Colon","Colon.enterocyte of epithelium of large intestine","loom-5000","2",0.195999999999913,0.230000000000018
"TM, FACS","Colon","Colon.enterocyte of epithelium of large intestine","scfind","3",0.980999999999767,0.024000000000342
"TM, FACS","Colon","Colon.enterocyte of epithelium of large intestine","sce","3",1.73100000000022,0.190000000000055
"TM, FACS","Colon","Colon.enterocyte of epithelium of large intestine","sce-sparseMatrix","3",1.16499999999996,0.251999999999953
"TM, FACS","Colon","Colon.enterocyte of epithelium of large intestine","seurat","3",2.11400000000003,0.359000000000378
"TM, FACS","Colon","Colon.enterocyte of epithelium of large intestine","seurat-sparseMatrix","3",2.29799999999977,0.36200000000008
"TM, FACS","Colon","Colon.enterocyte of epithelium of large intestine","loom-1000","3",0.215000000000146,0.246999999999844
"TM, FACS","Colon","Colon.enterocyte of epithelium of large intestine","loom-5000","3",0.195999999999913,0.214999999999691
"TM, FACS","Colon","Colon.enterocyte of epithelium of large intestine","scfind","4",0.980999999999767,0.0260000000002947
"TM, FACS","Colon","Colon.enterocyte of epithelium of large intestine","sce","4",1.73100000000022,0.190999999999804
"TM, FACS","Colon","Colon.enterocyte of epithelium of large intestine","sce-sparseMatrix","4",1.16499999999996,0.271999999999935
"TM, FACS","Colon","Colon.enterocyte of epithelium of large intestine","seurat","4",2.11400000000003,0.49599999999964
"TM, FACS","Colon","Colon.enterocyte of epithelium of large intestine","seurat-sparseMatrix","4",2.29799999999977,0.463999999999942
"TM, FACS","Colon","Colon.enterocyte of epithelium of large intestine","loom-1000","4",0.215000000000146,0.244000000000142
"TM, FACS","Colon","Colon.enterocyte of epithelium of large intestine","loom-5000","4",0.195999999999913,0.344000000000051
"TM, FACS","Colon","Colon.enterocyte of epithelium of large intestine","scfind","5",0.980999999999767,0.0259999999998399
"TM, FACS","Colon","Colon.enterocyte of epithelium of large intestine","sce","5",1.73100000000022,0.768000000000029
"TM, FACS","Colon","Colon.enterocyte of epithelium of large intestine","sce-sparseMatrix","5",1.16499999999996,0.269999999999982
"TM, FACS","Colon","Colon.enterocyte of epithelium of large intestine","seurat","5",2.11400000000003,0.577999999999975
"TM, FACS","Colon","Colon.enterocyte of epithelium of large intestine","seurat-sparseMatrix","5",2.29799999999977,0.597999999999956
"TM, FACS","Colon","Colon.enterocyte of epithelium of large intestine","loom-1000","5",0.215000000000146,0.226000000000113
"TM, FACS","Colon","Colon.enterocyte of epithelium of large intestine","loom-5000","5",0.195999999999913,0.248000000000047
"TM, FACS","Colon","Colon.enterocyte of epithelium of large intestine","scfind","6",0.980999999999767,0.0270000000000437
"TM, FACS","Colon","Colon.enterocyte of epithelium of large intestine","sce","6",1.73100000000022,0.215000000000146
"TM, FACS","Colon","Colon.enterocyte of epithelium of large intestine","sce-sparseMatrix","6",1.16499999999996,0.253000000000156
"TM, FACS","Colon","Colon.enterocyte of epithelium of large intestine","seurat","6",2.11400000000003,0.669999999999618
"TM, FACS","Colon","Colon.enterocyte of epithelium of large intestine","seurat-sparseMatrix","6",2.29799999999977,0.681999999999789
"TM, FACS","Colon","Colon.enterocyte of epithelium of large intestine","loom-1000","6",0.215000000000146,0.228999999999814
"TM, FACS","Colon","Colon.enterocyte of epithelium of large intestine","loom-5000","6",0.195999999999913,0.228000000000065
"TM, FACS","Colon","Colon.enteroendocrine cell","scfind","1",0.980999999999767,0.0219999999999345
"TM, FACS","Colon","Colon.enteroendocrine cell","sce","1",1.73100000000022,0.190000000000055
"TM, FACS","Colon","Colon.enteroendocrine cell","sce-sparseMatrix","1",1.16499999999996,0.251000000000204
"TM, FACS","Colon","Colon.enteroendocrine cell","seurat","1",2.11400000000003,0.0830000000000837
"TM, FACS","Colon","Colon.enteroendocrine cell","seurat-sparseMatrix","1",2.29799999999977,0.0819999999998799
"TM, FACS","Colon","Colon.enteroendocrine cell","loom-1000","1",0.215000000000146,0.20699999999988
"TM, FACS","Colon","Colon.enteroendocrine cell","loom-5000","1",0.195999999999913,0.203999999999724
"TM, FACS","Colon","Colon.enteroendocrine cell","scfind","2",0.980999999999767,0.0230000000001382
"TM, FACS","Colon","Colon.enteroendocrine cell","sce","2",1.73100000000022,0.211999999999989
"TM, FACS","Colon","Colon.enteroendocrine cell","sce-sparseMatrix","2",1.16499999999996,0.251999999999953
"TM, FACS","Colon","Colon.enteroendocrine cell","seurat","2",2.11400000000003,0.294000000000324
"TM, FACS","Colon","Colon.enteroendocrine cell","seurat-sparseMatrix","2",2.29799999999977,0.279999999999745
"TM, FACS","Colon","Colon.enteroendocrine cell","loom-1000","2",0.215000000000146,0.246999999999844
"TM, FACS","Colon","Colon.enteroendocrine cell","loom-5000","2",0.195999999999913,0.255999999999858
"TM, FACS","Colon","Colon.enteroendocrine cell","scfind","3",0.980999999999767,0.0239999999998872
"TM, FACS","Colon","Colon.enteroendocrine cell","sce","3",1.73100000000022,0.190999999999804
"TM, FACS","Colon","Colon.enteroendocrine cell","sce-sparseMatrix","3",1.16499999999996,0.252999999999702
"TM, FACS","Colon","Colon.enteroendocrine cell","seurat","3",2.11400000000003,0.365999999999985
"TM, FACS","Colon","Colon.enteroendocrine cell","seurat-sparseMatrix","3",2.29799999999977,0.364999999999782
"TM, FACS","Colon","Colon.enteroendocrine cell","loom-1000","3",0.215000000000146,0.25
"TM, FACS","Colon","Colon.enteroendocrine cell","loom-5000","3",0.195999999999913,0.239000000000033
"TM, FACS","Colon","Colon.enteroendocrine cell","scfind","4",0.980999999999767,0.0259999999998399
"TM, FACS","Colon","Colon.enteroendocrine cell","sce","4",1.73100000000022,0.192000000000007
"TM, FACS","Colon","Colon.enteroendocrine cell","sce-sparseMatrix","4",1.16499999999996,0.275000000000091
"TM, FACS","Colon","Colon.enteroendocrine cell","seurat","4",2.11400000000003,0.976000000000113
"TM, FACS","Colon","Colon.enteroendocrine cell","seurat-sparseMatrix","4",2.29799999999977,0.505999999999858
"TM, FACS","Colon","Colon.enteroendocrine cell","loom-1000","4",0.215000000000146,0.228000000000065
"TM, FACS","Colon","Colon.enteroendocrine cell","loom-5000","4",0.195999999999913,0.221000000000004
"TM, FACS","Colon","Colon.enteroendocrine cell","scfind","5",0.980999999999767,0.0259999999998399
"TM, FACS","Colon","Colon.enteroendocrine cell","sce","5",1.73100000000022,0.213999999999942
"TM, FACS","Colon","Colon.enteroendocrine cell","sce-sparseMatrix","5",1.16499999999996,0.257999999999811
"TM, FACS","Colon","Colon.enteroendocrine cell","seurat","5",2.11400000000003,0.576000000000022
"TM, FACS","Colon","Colon.enteroendocrine cell","seurat-sparseMatrix","5",2.29799999999977,0.603000000000065
"TM, FACS","Colon","Colon.enteroendocrine cell","loom-1000","5",0.215000000000146,0.226000000000113
"TM, FACS","Colon","Colon.enteroendocrine cell","loom-5000","5",0.195999999999913,0.226000000000113
"TM, FACS","Colon","Colon.enteroendocrine cell","scfind","6",0.980999999999767,0.024000000000342
"TM, FACS","Colon","Colon.enteroendocrine cell","sce","6",1.73100000000022,0.212999999999738
"TM, FACS","Colon","Colon.enteroendocrine cell","sce-sparseMatrix","6",1.16499999999996,0.252999999999702
"TM, FACS","Colon","Colon.enteroendocrine cell","seurat","6",2.11400000000003,1.18299999999999
"TM, FACS","Colon","Colon.enteroendocrine cell","seurat-sparseMatrix","6",2.29799999999977,0.679999999999836
"TM, FACS","Colon","Colon.enteroendocrine cell","loom-1000","6",0.215000000000146,0.322999999999865
"TM, FACS","Colon","Colon.enteroendocrine cell","loom-5000","6",0.195999999999913,0.226000000000113
"TM, FACS","Colon","Colon.epithelial cell of large intestine","scfind","1",0.980999999999767,0.0219999999999345
"TM, FACS","Colon","Colon.epithelial cell of large intestine","sce","1",1.73100000000022,0.187000000000353
"TM, FACS","Colon","Colon.epithelial cell of large intestine","sce-sparseMatrix","1",1.16499999999996,0.269000000000233
"TM, FACS","Colon","Colon.epithelial cell of large intestine","seurat","1",2.11400000000003,0.0830000000000837
"TM, FACS","Colon","Colon.epithelial cell of large intestine","seurat-sparseMatrix","1",2.29799999999977,0.0830000000000837
"TM, FACS","Colon","Colon.epithelial cell of large intestine","loom-1000","1",0.215000000000146,0.240999999999985
"TM, FACS","Colon","Colon.epithelial cell of large intestine","loom-5000","1",0.195999999999913,0.207000000000335
"TM, FACS","Colon","Colon.epithelial cell of large intestine","scfind","2",0.980999999999767,0.0249999999996362
"TM, FACS","Colon","Colon.epithelial cell of large intestine","sce","2",1.73100000000022,0.189000000000306
"TM, FACS","Colon","Colon.epithelial cell of large intestine","sce-sparseMatrix","2",1.16499999999996,0.273999999999887
"TM, FACS","Colon","Colon.epithelial cell of large intestine","seurat","2",2.11400000000003,0.266999999999825
"TM, FACS","Colon","Colon.epithelial cell of large intestine","seurat-sparseMatrix","2",2.29799999999977,0.266000000000076
"TM, FACS","Colon","Colon.epithelial cell of large intestine","loom-1000","2",0.215000000000146,0.240000000000236
"TM, FACS","Colon","Colon.epithelial cell of large intestine","loom-5000","2",0.195999999999913,0.210999999999785
"TM, FACS","Colon","Colon.epithelial cell of large intestine","scfind","3",0.980999999999767,0.0260000000002947
"TM, FACS","Colon","Colon.epithelial cell of large intestine","sce","3",1.73100000000022,0.188999999999851
"TM, FACS","Colon","Colon.epithelial cell of large intestine","sce-sparseMatrix","3",1.16499999999996,0.271000000000186
"TM, FACS","Colon","Colon.epithelial cell of large intestine","seurat","3",2.11400000000003,0.359999999999673
"TM, FACS","Colon","Colon.epithelial cell of large intestine","seurat-sparseMatrix","3",2.29799999999977,0.36200000000008
"TM, FACS","Colon","Colon.epithelial cell of large intestine","loom-1000","3",0.215000000000146,0.242999999999938
"TM, FACS","Colon","Colon.epithelial cell of large intestine","loom-5000","3",0.195999999999913,0.215999999999894
"TM, FACS","Colon","Colon.epithelial cell of large intestine","scfind","4",0.980999999999767,0.0259999999998399
"TM, FACS","Colon","Colon.epithelial cell of large intestine","sce","4",1.73100000000022,0.190000000000055
"TM, FACS","Colon","Colon.epithelial cell of large intestine","sce-sparseMatrix","4",1.16499999999996,0.272000000000389
"TM, FACS","Colon","Colon.epithelial cell of large intestine","seurat","4",2.11400000000003,0.452999999999975
"TM, FACS","Colon","Colon.epithelial cell of large intestine","seurat-sparseMatrix","4",2.29799999999977,0.460000000000036
"TM, FACS","Colon","Colon.epithelial cell of large intestine","loom-1000","4",0.215000000000146,0.239999999999782
"TM, FACS","Colon","Colon.epithelial cell of large intestine","loom-5000","4",0.195999999999913,0.221000000000004
"TM, FACS","Colon","Colon.epithelial cell of large intestine","scfind","5",0.980999999999767,0.0250000000000909
"TM, FACS","Colon","Colon.epithelial cell of large intestine","sce","5",1.73100000000022,0.208000000000084
"TM, FACS","Colon","Colon.epithelial cell of large intestine","sce-sparseMatrix","5",1.16499999999996,0.252999999999702
"TM, FACS","Colon","Colon.epithelial cell of large intestine","seurat","5",2.11400000000003,1.10400000000027
"TM, FACS","Colon","Colon.epithelial cell of large intestine","seurat-sparseMatrix","5",2.29799999999977,0.583000000000084
"TM, FACS","Colon","Colon.epithelial cell of large intestine","loom-1000","5",0.215000000000146,0.226999999999862
"TM, FACS","Colon","Colon.epithelial cell of large intestine","loom-5000","5",0.195999999999913,0.239000000000033
"TM, FACS","Colon","Colon.epithelial cell of large intestine","scfind","6",0.980999999999767,0.0259999999998399
"TM, FACS","Colon","Colon.epithelial cell of large intestine","sce","6",1.73100000000022,0.190999999999804
"TM, FACS","Colon","Colon.epithelial cell of large intestine","sce-sparseMatrix","6",1.16499999999996,0.251999999999953
"TM, FACS","Colon","Colon.epithelial cell of large intestine","seurat","6",2.11400000000003,0.673000000000229
"TM, FACS","Colon","Colon.epithelial cell of large intestine","seurat-sparseMatrix","6",2.29799999999977,0.670999999999822
"TM, FACS","Colon","Colon.epithelial cell of large intestine","loom-1000","6",0.215000000000146,0.231999999999971
"TM, FACS","Colon","Colon.epithelial cell of large intestine","loom-5000","6",0.195999999999913,0.285000000000309
"TM, FACS","Colon","Colon.large intestine goblet cell","scfind","1",0.980999999999767,0.0219999999999345
"TM, FACS","Colon","Colon.large intestine goblet cell","sce","1",1.73100000000022,0.190999999999804
"TM, FACS","Colon","Colon.large intestine goblet cell","sce-sparseMatrix","1",1.16499999999996,0.25
"TM, FACS","Colon","Colon.large intestine goblet cell","seurat","1",2.11400000000003,0.0830000000000837
"TM, FACS","Colon","Colon.large intestine goblet cell","seurat-sparseMatrix","1",2.29799999999977,0.0809999999996762
"TM, FACS","Colon","Colon.large intestine goblet cell","loom-1000","1",0.215000000000146,0.230000000000018
"TM, FACS","Colon","Colon.large intestine goblet cell","loom-5000","1",0.195999999999913,0.204999999999927
"TM, FACS","Colon","Colon.large intestine goblet cell","scfind","2",0.980999999999767,0.0250000000000909
"TM, FACS","Colon","Colon.large intestine goblet cell","sce","2",1.73100000000022,0.188999999999851
"TM, FACS","Colon","Colon.large intestine goblet cell","sce-sparseMatrix","2",1.16499999999996,0.294000000000324
"TM, FACS","Colon","Colon.large intestine goblet cell","seurat","2",2.11400000000003,0.266999999999825
"TM, FACS","Colon","Colon.large intestine goblet cell","seurat-sparseMatrix","2",2.29799999999977,0.264000000000124
"TM, FACS","Colon","Colon.large intestine goblet cell","loom-1000","2",0.215000000000146,0.214999999999691
"TM, FACS","Colon","Colon.large intestine goblet cell","loom-5000","2",0.195999999999913,0.231999999999971
"TM, FACS","Colon","Colon.large intestine goblet cell","scfind","3",0.980999999999767,0.0250000000000909
"TM, FACS","Colon","Colon.large intestine goblet cell","sce","3",1.73100000000022,0.190000000000055
"TM, FACS","Colon","Colon.large intestine goblet cell","sce-sparseMatrix","3",1.16499999999996,0.266999999999825
"TM, FACS","Colon","Colon.large intestine goblet cell","seurat","3",2.11400000000003,0.364000000000033
"TM, FACS","Colon","Colon.large intestine goblet cell","seurat-sparseMatrix","3",2.29799999999977,0.355999999999767
"TM, FACS","Colon","Colon.large intestine goblet cell","loom-1000","3",0.215000000000146,0.257999999999811
"TM, FACS","Colon","Colon.large intestine goblet cell","loom-5000","3",0.195999999999913,0.215000000000146
"TM, FACS","Colon","Colon.large intestine goblet cell","scfind","4",0.980999999999767,0.0239999999998872
"TM, FACS","Colon","Colon.large intestine goblet cell","sce","4",1.73100000000022,0.188000000000102
"TM, FACS","Colon","Colon.large intestine goblet cell","sce-sparseMatrix","4",1.16499999999996,0.271000000000186
"TM, FACS","Colon","Colon.large intestine goblet cell","seurat","4",2.11400000000003,0.455000000000382
"TM, FACS","Colon","Colon.large intestine goblet cell","seurat-sparseMatrix","4",2.29799999999977,0.481999999999971
"TM, FACS","Colon","Colon.large intestine goblet cell","loom-1000","4",0.215000000000146,0.332000000000335
"TM, FACS","Colon","Colon.large intestine goblet cell","loom-5000","4",0.195999999999913,0.260999999999967
"TM, FACS","Colon","Colon.large intestine goblet cell","scfind","5",0.980999999999767,0.0260000000002947
"TM, FACS","Colon","Colon.large intestine goblet cell","sce","5",1.73100000000022,0.208000000000084
"TM, FACS","Colon","Colon.large intestine goblet cell","sce-sparseMatrix","5",1.16499999999996,0.252999999999702
"TM, FACS","Colon","Colon.large intestine goblet cell","seurat","5",2.11400000000003,0.577999999999975
"TM, FACS","Colon","Colon.large intestine goblet cell","seurat-sparseMatrix","5",2.29799999999977,1.096
"TM, FACS","Colon","Colon.large intestine goblet cell","loom-1000","5",0.215000000000146,0.337999999999738
"TM, FACS","Colon","Colon.large intestine goblet cell","loom-5000","5",0.195999999999913,0.326000000000022
"TM, FACS","Colon","Colon.large intestine goblet cell","scfind","6",0.980999999999767,0.0239999999998872
"TM, FACS","Colon","Colon.large intestine goblet cell","sce","6",1.73100000000022,0.20699999999988
"TM, FACS","Colon","Colon.large intestine goblet cell","sce-sparseMatrix","6",1.16499999999996,0.251999999999953
"TM, FACS","Colon","Colon.large intestine goblet cell","seurat","6",2.11400000000003,0.655999999999949
"TM, FACS","Colon","Colon.large intestine goblet cell","seurat-sparseMatrix","6",2.29799999999977,1.17200000000003
"TM, FACS","Colon","Colon.large intestine goblet cell","loom-1000","6",0.215000000000146,0.230999999999767
"TM, FACS","Colon","Colon.large intestine goblet cell","loom-5000","6",0.195999999999913,0.249000000000251
